DB군,식품명,식품상세분류,1회제공량,내용량_단위,에너지(kcal),단백질(g),지방(g),탄수화물(g),나트륨(mg)
농축산물,메밀묵,곡류 및 그 제품,100,g,58,0.86,0.23,12.8,120
농축산물,멥쌀,곡류 및 그 제품,100,g,343,6.5,2,75.8,1
농축산물,친분도미,곡류 및 그 제품,100,g,348,6.3,1.5,76.6,1
농축산물,현미 죽,곡류 및 그 제품,100,g,64,1.2,0.4,15.2,1
농축산물,현미 미음,곡류 및 그 제품,100,g,19,0.4,0.1,4.4,0
농축산물,멥쌀밥,곡류 및 그 제품,100,g,373,5.2,0.1,83.7,29
농축산물,누룽지,곡류 및 그 제품,100,g,393,6.8,0.2,86.8,6
농축산물,잡곡밥,곡류 및 그 제품,100,g,150,2.83,0.38,33.76,159
농축산물,멥쌀 과자,곡류 및 그 제품,100,g,469,3.2,15.9,78.2,224
농축산물,멥쌀 국수,곡류 및 그 제품,100,g,340,9.1,1.5,72.6,"1,964"
농축산물,멥쌀떡,곡류 및 그 제품,100,g,213,3.71,0.37,48.8,261
농축산물,미숫가루,곡류 및 그 제품,100,g,398,14.52,5.48,76.17,6
농축산물,밀,곡류 및 그 제품,100,g,333,10.6,1,75.8,17
농축산물,강력밀가루,곡류 및 그 제품,100,g,334,13.59,1.11,72.89,1
농축산물,도넛가루,곡류 및 그 제품,100,g,404,8.5,6.8,73.9,778
농축산물,박력밀가루,곡류 및 그 제품,100,g,374,9.15,0.94,77.73,1
농축산물,부침가루,곡류 및 그 제품,100,g,368,9.8,0.98,75.52,786
농축산물,빵가루,곡류 및 그 제품,100,g,392,11.95,2.05,77.04,306
농축산물,중력밀가루,곡류 및 그 제품,100,g,375,10.34,1.01,76.64,1
농축산물,통밀가루,곡류 및 그 제품,100,g,365,11.9,1.6,71.5,5
농축산물,튀김가루,곡류 및 그 제품,100,g,367,7.22,0.8,78.41,876
농축산물,팬케이크가루,곡류 및 그 제품,100,g,394,7.9,4.9,75.9,735
농축산물,건빵,곡류 및 그 제품,100,g,419,9.92,8.67,75.37,457
농축산물,대추꿀약과,곡류 및 그 제품,100,g,428,4.5,16.3,65.7,18
농축산물,만주,곡류 및 그 제품,100,g,330,6.35,2.39,70.86,158
농축산물,모나카,곡류 및 그 제품,100,g,346,3.35,0.29,82.62,64
농축산물,바닐라 웨하스,곡류 및 그 제품,100,g,521,4.1,26.9,65.6,131
농축산물,비스킷,곡류 및 그 제품,100,g,489,5.7,24.93,60.34,227
농축산물,뻥튀기,곡류 및 그 제품,100,g,383,11.06,1.07,82.29,112
농축산물,사과파이,곡류 및 그 제품,100,g,471,5.5,21,64.98,207
농축산물,약과,곡류 및 그 제품,100,g,422,3.8,13.3,71.7,34
농축산물,초코볼,곡류 및 그 제품,100,g,501,4.3,22.5,70.2,54
농축산물,초코파이,곡류 및 그 제품,100,g,428,4.29,15.57,67.59,224
농축산물,땅콩버터,곡류 및 그 제품,100,g,493,8.36,20.87,67.97,346
농축산물,초코칩 쿠키,곡류 및 그 제품,100,g,494,5.92,20.55,71.38,312
농축산물,통밀 쿠키,곡류 및 그 제품,100,g,471,6.48,17.17,72.73,652
농축산물,크랙커,곡류 및 그 제품,100,g,513,7,27.8,58.8,634
농축산물,땅콩샌드,곡류 및 그 제품,100,g,524,7.66,26.24,64.23,195
농축산물,치즈샌드,곡류 및 그 제품,100,g,497,6.08,22.23,68.24,539
농축산물,국수,곡류 및 그 제품,100,g,291,7.25,0.87,60.09,395
농축산물,라면,곡류 및 그 제품,100,g,445,8.23,14.28,69.05,327
농축산물,마카로니,곡류 및 그 제품,100,g,380,12.2,0.4,77.1,2
농축산물,스파게티면,곡류 및 그 제품,100,g,365,11.78,1.28,76.64,2
농축산물,우동면,곡류 및 그 제품,100,g,164,3.33,1.25,33.09,142
농축산물,중국국수면,곡류 및 그 제품,100,g,249,8.6,1.2,55.7,410
농축산물,쫄면,곡류 및 그 제품,100,g,348,9.16,1.08,71.29,"1,697"
농축산물,칼국수면,곡류 및 그 제품,100,g,303,7.25,0.87,63.02,327
농축산물,건포도빵,곡류 및 그 제품,100,g,263,8.2,3.5,51.1,400
농축산물,곰보빵,곡류 및 그 제품,100,g,415,9.5,14.54,61.44,307
농축산물,꽈배기,곡류 및 그 제품,100,g,404,7.9,20.4,47.2,431
농축산물,난,곡류 및 그 제품,100,g,257,10.3,3.4,47.6,530
농축산물,도넛,곡류 및 그 제품,100,g,426,7.3,26,40.6,360
농축산물,롤빵,곡류 및 그 제품,100,g,309,10.1,9,48.6,490
농축산물,마늘빵,곡류 및 그 제품,100,g,424,9.8,17.2,57.5,558
농축산물,머핀,곡류 및 그 제품,100,g,235,7.7,1.8,46,464
농축산물,모닝빵,곡류 및 그 제품,100,g,316,9.06,4.91,58.99,260
농축산물,모카빵,곡류 및 그 제품,100,g,354,8.31,7.53,63.29,316
농축산물,바게트,곡류 및 그 제품,100,g,289,9.4,1.3,57.5,620
농축산물,베이글,곡류 및 그 제품,100,g,270,9.6,2,54.6,460
농축산물,붕어빵,곡류 및 그 제품,100,g,254,4.81,6.44,44.12,276
농축산물,소시지빵,곡류 및 그 제품,100,g,323,10.59,16.52,33,571
농축산물,식빵,곡류 및 그 제품,100,g,279,9.01,4.91,49.68,516
농축산물,옥수수빵,곡류 및 그 제품,100,g,321,7.4,10.2,49.1,795
농축산물,와플,곡류 및 그 제품,100,g,291,7.9,14.1,32.9,511
농축산물,잼빵,곡류 및 그 제품,100,g,285,5.3,3.9,58.1,120
농축산물,찐빵,곡류 및 그 제품,100,g,239,5.4,0.9,52.4,280
농축산물,카스텔라,곡류 및 그 제품,100,g,299,6.91,3.72,59.46,81
농축산물,크루아상,곡류 및 그 제품,100,g,438,7.9,26.8,43.9,470
농축산물,크로켓,곡류 및 그 제품,100,g,307,6,18.2,29.7,346
농축산물,크림빵,곡류 및 그 제품,100,g,275,6,7.7,45.5,160
농축산물,팥빵,곡류 및 그 제품,100,g,253,7.57,3.17,48.51,180
농축산물,페이스트리,곡류 및 그 제품,100,g,457,8.6,26.3,46.5,423
농축산물,피칸파이,곡류 및 그 제품,100,g,407,4.5,16.69,59.61,275
농축산물,케이크,곡류 및 그 제품,100,g,324,2.9,9.1,61.6,101
농축산물,롤 케이크,곡류 및 그 제품,100,g,369,7.51,20.22,39.24,162
농축산물,배 케이크,곡류 및 그 제품,100,g,296,6.2,10.8,43.5,277
농축산물,생크림 블루베리,곡류 및 그 제품,100,g,280,3.03,18.88,24.39,67
농축산물,쇼튼드 케이크,곡류 및 그 제품,100,g,318,6.9,15.2,42.3,80
농축산물,스폰지 케이크,곡류 및 그 제품,100,g,352,6.6,15.2,47.2,172
농축산물,엔젤푸드 케이크,곡류 및 그 제품,100,g,258,5.9,0.8,57.8,749
농축산물,초콜릿 케이크,곡류 및 그 제품,100,g,417,5.23,22.09,49.31,146
농축산물,치즈 케이크,곡류 및 그 제품,100,g,331,5.87,21.32,28.82,240
농축산물,파운드 케이크,곡류 및 그 제품,100,g,408,5.66,20.71,49.65,207
농축산물,팬케이크,곡류 및 그 제품,100,g,227,6.4,9.7,28.3,439
농축산물,맥주보리,곡류 및 그 제품,100,g,352,10,1,78,18
농축산물,쌀보리,곡류 및 그 제품,100,g,341,8.66,1.66,75.04,5
농축산물,수수,곡류 및 그 제품,100,g,374,11.67,3.01,73.63,6
농축산물,수수떡,곡류 및 그 제품,100,g,218,8.2,1.4,43.1,238
농축산물,쌀,곡류 및 그 제품,100,g,390,6.65,1.68,86.99,625
농축산물,시리얼,곡류 및 그 제품,100,g,378,5.11,0.59,88.05,434
농축산물,메옥수수,곡류 및 그 제품,100,g,178,5.34,2.06,36.26,0
농축산물,찰옥수수,곡류 및 그 제품,100,g,141,4.79,1.4,28.96,0
농축산물,옥수수 가루,곡류 및 그 제품,100,g,364,7.32,0.97,83.3,2
농축산물,옥수수 과자,곡류 및 그 제품,100,g,409,7.16,3.25,87.9,51
농축산물,옥수수 샐러드,곡류 및 그 제품,100,g,104,3.2,0.2,22.4,330
농축산물,율무,곡류 및 그 제품,100,g,377,15.4,3.2,70.5,4
농축산물,율무 죽,곡류 및 그 제품,100,g,44,0.5,0.4,9.5,
농축산물,율무 국수,곡류 및 그 제품,100,g,368,13.2,1.2,74.6,"2,323"
농축산물,잡곡,곡류 및 그 제품,100,g,358,9.79,2.09,73.4,4
농축산물,조,곡류 및 그 제품,100,g,373,11.48,3.91,71.7,6
농축산물,메조,곡류 및 그 제품,100,g,374,11.13,3.96,72.3,11
농축산물,차조,곡류 및 그 제품,100,g,370,10.9,3.8,71.93,4
농축산물,백미,곡류 및 그 제품,100,g,363,6.64,0.99,78.17,1
농축산물,현미,곡류 및 그 제품,100,g,356,7.28,2.29,75.52,1
농축산물,찹쌀 과자,곡류 및 그 제품,100,g,417,2,11.8,75.6,28
농축산물,유과,곡류 및 그 제품,100,g,411,1.96,10.37,77.49,18
농축산물,전병,곡류 및 그 제품,100,g,446,7.8,10.7,79.6,144
농축산물,찹쌀 국수,곡류 및 그 제품,100,g,334,8.1,0.3,74.6,"1,975"
농축산물,찹쌀떡,곡류 및 그 제품,100,g,245,4.81,1.75,52.65,262
농축산물,경단 카스텔라,곡류 및 그 제품,100,g,237,4.1,1.8,51.1,185
농축산물,모듬찰떡,곡류 및 그 제품,100,g,223,5.7,1.2,47.4,237
농축산물,인절미,곡류 및 그 제품,100,g,204,4.2,0.9,44.8,269
농축산물,찰시루떡,곡류 및 그 제품,100,g,181,6.63,0.41,37.63,182
농축산물,찹쌀도넛,곡류 및 그 제품,100,g,296,5,5.3,57.1,347
농축산물,퀴노아,곡류 및 그 제품,100,g,363,9.56,3.26,72.62,0
농축산물,도정,곡류 및 그 제품,100,g,376,8.5,4.6,73.9,10
농축산물,통호밀,곡류 및 그 제품,100,g,334,15.9,1.5,70.7,2
농축산물,호밀 가루,곡류 및 그 제품,100,g,324,8.5,1.6,75.8,1
농축산물,호밀빵,곡류 및 그 제품,100,g,252,8.4,2.2,52.7,470
농축산물,감자,감자 및 전분류,100,g,70,1.93,0.03,16.07,1
농축산물,자색 감자,감자 및 전분류,100,g,82,2.8,,18.5,18
농축산물,감자 부침가루,감자 및 전분류,100,g,355,12.1,1.4,73.6,18
농축산물,감자칩,감자 및 전분류,100,g,536,4.95,30.33,60.92,342
농축산물,감자 튀김,감자 및 전분류,100,g,293,3.54,11.3,44.16,258
농축산물,해시브라운,감자 및 전분류,100,g,219,2.65,11.59,28.51,15
농축산물,으깬감자,감자 및 전분류,100,g,83,1.91,0.57,17.57,302
농축산물,감자 샐러드,감자 및 전분류,100,g,143,2.68,8.2,11.17,529
농축산물,고구마,감자 및 전분류,100,g,147,1.09,0.15,35.52,8
농축산물,당면,감자 및 전분류,100,g,358,0.08,0.07,88.75,8
농축산물,곤약,감자 및 전분류,100,g,194,3,0.1,85.3,18
농축산물,돼지감자,감자 및 전분류,100,g,35,2.18,0.09,14.92,2
농축산물,마,감자 및 전분류,100,g,63,1.84,0.12,14.05,4
농축산물,아피오스감자,감자 및 전분류,100,g,175,6.1,0.5,38.2,31
농축산물,야콘,감자 및 전분류,100,g,52,0.6,0.3,12.4,0
농축산물,전분 가루,감자 및 전분류,100,g,334,0.07,0.02,82.7,22
농축산물,천마,감자 및 전분류,100,g,77,0.9,0,18.5,8
농축산물,칡 뿌리,감자 및 전분류,100,g,137,2.48,0.1,32.05,0
농축산물,칡즙,감자 및 전분류,100,g,21,0.44,0,4.91,3
농축산물,토란,감자 및 전분류,100,g,71,2.08,0.14,15.77,2
농축산물,히카마,감자 및 전분류,100,g,44,0.68,0.06,10.36,1
농축산물,과당,당류,100,g,375,0,0,99.9,0
농축산물,껌,당류,100,g,268,0,0.4,94.8,7
농축산물,추잉 껌,당류,100,g,388,0,0,96.9,3
농축산물,풍선껌,당류,100,g,387,0,0,96.7,3
농축산물,꿀,당류,100,g,317,0.28,0.01,85.83,1
농축산물,당밀,당류,100,g,274,0.2,0,68.2,10
농축산물,로얄제리,당류,100,g,104,14.29,1.4,12.82,12
농축산물,물엿,당류,100,g,321,0.02,0,83.03,0
농축산물,드롭스,당류,100,g,379,0.31,0.55,97.57,44
농축산물,사탕,당류,100,g,354,0.23,7.14,91.2,271
농축산물,마쉬멜로,당류,100,g,324,2.1,0,79.3,7
농축산물,박하사탕,당류,100,g,382,0.02,0.02,98.59,0
농축산물,설탕,당류,100,g,389,0,0,99.77,2
농축산물,각설탕,당류,100,g,394,0,0,100,0
농축산물,백설탕,당류,100,g,387,0,0.01,99.96,1
농축산물,빙설탕,당류,100,g,394,0.1,0,99.8,2
농축산물,황설탕,당류,100,g,386,0,0.01,99.81,1
농축산물,흑설탕,당류,100,g,379,0.12,0.01,97.88,4
농축산물,시럽,당류,100,g,260,0.04,0.06,67.04,12
농축산물,양갱,당류,100,g,298,3.37,0.14,73.44,2
농축산물,엿,당류,100,g,263,1.6,,69.7,6
농축산물,젤라틴,당류,100,g,381,7.8,0,90.5,466
농축산물,젤리,당류,100,g,344,7.5,0.42,77.53,5
농축산물,조청,당류,100,g,286,0.4,0.1,77.3,6
농축산물,땅콩 캐러멜,당류,100,g,479,9.36,21.51,61.98,138
농축산물,쿠키 캐러멜,당류,100,g,489,4.33,22.33,67.6,151
농축산물,초콜릿,당류,100,g,598,7.79,42.63,45.9,20
농축산물,땅콩 초콜릿,당류,100,g,519,13.1,33.5,49.7,41
농축산물,밀크 아몬드 초콜릿,당류,100,g,526,9,34.4,53.4,74
농축산물,밀크 초콜릿,당류,100,g,549,7.8,32.54,56.17,59
농축산물,스위트 초콜릿,당류,100,g,507,3.9,34.2,60.4,16
농축산물,크런치 초콜릿,당류,100,g,520,7.25,26.81,62.49,101
농축산물,화이트 초콜릿,당류,100,g,539,5.87,32.09,59.24,90
농축산물,캐러멜,당류,100,g,423,1.8,10.7,79.9,98
농축산물,포도당,당류,100,g,342,0,0,91,0
농축산물,바닐라 가루,당류,100,g,114,2.7,2.9,19.7,286
농축산물,푸딩,당류,100,g,116,5.7,5.5,14,69
농축산물,강낭콩,두류,100,g,172,8.8,0.86,32.38,0
농축산물,녹두,두류,100,g,352,24.51,1.52,60.15,1
농축산물,녹두 빈대떡,두류,100,g,347,20.7,1.2,63.4,723
농축산물,녹두 국수,두류,100,g,344,0.2,0.4,87.5,14
농축산물,녹두묵,두류,100,g,40,0.12,0.03,9.81,92
농축산물,대두,두류,100,g,413,38.68,15.86,30.45,1
농축산물,서리태,두류,100,g,436,41.72,16.72,31.27,4
농축산물,흑태,두류,100,g,407,36.1,15.37,32.45,3
농축산물,대풍,두류,100,g,405,34.36,13.83,36.94,0
농축산물,콩가루,두류,100,g,427,37,20.9,32.3,4
농축산물,두부,두류,100,g,97,9.62,4.63,3.75,1
농축산물,동두부,두류,100,g,496,50.5,34.1,4.2,440
농축산물,순두부,두류,100,g,44,6.85,1.35,0.69,4
농축산물,연두부,두류,100,g,50,4.66,2.51,1.93,55
농축산물,유부,두류,100,g,450,26.11,34.23,7.93,7
농축산물,비지,두류,100,g,74,3.5,1.5,11.7,5
농축산물,두유,두류,100,g,62,3.01,3.92,3.42,72
농축산물,검은콩,두류,100,g,86,3.21,3.77,9.87,77
농축산물,검은참깨,두류,100,g,77,3.4,3.15,8.76,65
농축산물,콩국물,두류,100,g,57,4.84,2.57,3.74,155
농축산물,콩조림,두류,100,g,271,19.3,4.2,39.1,"1,067"
농축산물,동부,두류,100,g,166,9.51,1.02,29.34,2
농축산물,리마콩,두류,100,g,306,21.9,1.8,60.8,0
농축산물,렌즈콩,두류,100,g,359,21.01,1.43,65.42,0
농축산물,렌틸콩,두류,100,g,359,22.22,1.68,63.63,0
농축산물,밤콩,두류,100,g,410,35,17.2,30.6,4
농축산물,병아리콩,두류,100,g,373,17.27,5.66,63.14,5
농축산물,완두 생것,두류,100,g,114,7.92,0.44,19.51,0
농축산물,완두 통조림,두류,100,g,82,3.6,0.4,19.7,330
농축산물,작두,두류,100,g,125,9,0.3,21.5,3
농축산물,잠두,두류,100,g,341,26.12,1.53,58.29,13
농축산물,쥐눈이콩,두류,100,g,403,37.32,14.61,30.59,2
농축산물,팥,두류,100,g,350,21.9,1,63.3,1
농축산물,앙금,두류,100,g,147,9.8,0.6,27.1,3
농축산물,팥빙수용 단팥,두류,100,g,206,4.51,0.22,45.63,26
농축산물,헤이즐넛,견과류 및 종실류,100,g,628,14.95,60.75,16.7,0
농축산물,개암,견과류 및 종실류,100,g,646,15.03,62.4,17.6,0
농축산물,도토리,견과류 및 종실류,100,g,230,4.4,3,46.7,
농축산물,도토리 국수,견과류 및 종실류,100,g,343,12.4,0.7,72.2,517
농축산물,도토리묵,견과류 및 종실류,100,g,47,0.33,0.11,11.23,76
농축산물,도토리묵 가루,견과류 및 종실류,100,g,366,1.7,1.23,87.09,5
농축산물,땅콩,견과류 및 종실류,100,g,567,28.5,46.24,19.91,4
농축산물,땅콩가루,견과류 및 종실류,100,g,560,28.43,43.11,24.62,4
농축산물,때죽,견과류 및 종실류,100,g,551,13.6,44.7,31.8,
농축산물,마름,견과류 및 종실류,100,g,183,5.8,0.5,40.6,5
농축산물,마카다미아,견과류 및 종실류,100,g,751,8.3,76.7,12.2,190
농축산물,머루씨,견과류 및 종실류,100,g,282,6.3,4.8,54,3
농축산물,밤,견과류 및 종실류,100,g,151,3.28,0.5,33.39,1
농축산물,단택,견과류 및 종실류,100,g,150,2.7,0.1,34.3,1
농축산물,대보,견과류 및 종실류,100,g,146,2.9,0.1,33.3,1
농축산물,옥광,견과류 및 종실류,100,g,147,2.9,0.1,33.5,1
농축산물,이평,견과류 및 종실류,100,g,157,3.5,0.1,35.4,2
농축산물,축파,견과류 및 종실류,100,g,141,2.8,0.1,32.1,1
농축산물,브라질너트,견과류 및 종실류,100,g,659,14.32,67.1,11.74,3
농축산물,삼씨,견과류 및 종실류,100,g,450,29.9,28.3,31.7,2
농축산물,수박씨,견과류 및 종실류,100,g,451,19.3,22.9,47.2,
농축산물,아마씨,견과류 및 종실류,100,g,540,21.8,43.3,30.4,70
농축산물,아몬드,견과류 및 종실류,100,g,581,23.44,49.96,20.09,6
농축산물,연씨,견과류 및 종실류,100,g,81,5.9,0.5,14.9,2
농축산물,은행,견과류 및 종실류,100,g,203,4.69,1.53,42.78,1
농축산물,잣,견과류 및 종실류,100,g,630,15.96,59.28,19.38,1
농축산물,잣두부,견과류 및 종실류,100,g,78,7.5,4.3,4,34
농축산물,잣죽,견과류 및 종실류,100,g,64,1.45,3.06,7.9,160
농축산물,참깨,견과류 및 종실류,100,g,556,25.41,45.31,21.77,4
농축산물,엿강정,견과류 및 종실류,100,g,538,15,32.9,45.4,81
농축산물,참깨 과자,견과류 및 종실류,100,g,538,15,32.9,45.4,81
농축산물,참깨죽,견과류 및 종실류,100,g,38,1,1.2,5.9,120
농축산물,치아씨,견과류 및 종실류,100,g,486,16.54,30.74,42.12,16
농축산물,캐슈넛,견과류 및 종실류,100,g,581,16.84,47.77,30.16,308
농축산물,코코넛,견과류 및 종실류,100,g,660,6.88,64.53,23.65,37
농축산물,코코넛밀크,견과류 및 종실류,100,g,230,2.29,23.84,5.54,15
농축산물,코코넛수,견과류 및 종실류,100,g,19,0.72,0.2,3.71,105
농축산물,피스타치오,견과류 및 종실류,100,g,560,20.16,45.32,27.17,1
농축산물,피칸,견과류 및 종실류,100,g,691,9.17,71.97,13.86,0
농축산물,해바라기씨,견과류 및 종실류,100,g,589,21.93,52.26,18.58,2
농축산물,호두,견과류 및 종실류,100,g,688,15.47,71.99,7.92,3
농축산물,호박씨,견과류 및 종실류,100,g,548,35.35,48.18,5.34,6
농축산물,가시오갈피,채소류,100,g,76,5.67,0.7,15.87,1
농축산물,가지,채소류,100,g,19,1.13,0.03,4.36,0
농축산물,갓,채소류,100,g,36,3.5,0.2,7.3,33
농축산물,개비름,채소류,100,g,23,2.72,0.29,3.96,65
농축산물,"갯기름나물, 생것",채소류,100,g,47,3.71,0.41,9.67,5
농축산물,노지,채소류,100,g,53,4.17,0.52,10.92,2
농축산물,"갯기름나물, 하우스, 생것",채소류,100,g,50,3.12,0.44,10.75,9
농축산물,갯기름나물,채소류,100,g,47,4.28,0.69,8.61,4
농축산물,세발나물,채소류,100,g,23,2.29,0.28,4.2,249
농축산물,칠면초,채소류,100,g,27,2.7,0.3,5,673
농축산물,"갯나물, 퉁퉁마디(함초), 노지, 생것",채소류,100,g,19,1.4,0.15,3.97,"1,409"
농축산물,"갯나물, 퉁퉁마디(함초), 하우스, 생것",채소류,100,g,19,1.34,0.15,4.13,"1,573"
농축산물,갯나물,채소류,100,g,262,9.28,6.14,52.6,"7,935"
농축산물,게걸무,채소류,100,g,59,2.3,0.1,13.6,18
농축산물,게걸무 잎,채소류,100,g,23,2.7,0.2,4.2,24
농축산물,경수채,채소류,100,g,26,1.68,0.24,5.57,40
농축산물,고구마 잎,채소류,100,g,47,3.92,0.44,7.34,0
농축산물,고구마 줄기,채소류,100,g,18,0.76,0.02,3.63,1
농축산물,이고들빼기,채소류,100,g,39,2.5,0.4,8.2,57
농축산물,고려엉겅퀴,채소류,100,g,32,3.47,1.38,3.29,0
농축산물,곤드레,채소류,100,g,275,20.5,3.9,53.9,
농축산물,고비,채소류,100,g,28,2.1,0.1,6.2,6
농축산물,고사리,채소류,100,g,22,2.9,0.17,3.8,0
농축산물,고수,채소류,100,g,33,4.6,0.2,5.6,5
농축산물,고추 싹,채소류,100,g,21,2.6,0.1,3.8,
농축산물,시레나,채소류,100,g,19,1,0.1,4.4,3
농축산물,고추,채소류,100,g,29,1.71,0.19,6.42,1
농축산물,풋고추,채소류,100,g,26,1.2,0.2,6,0
농축산물,꽈리고추,채소류,100,g,33,1.83,0.13,7.78,2
농축산물,오이고추,채소류,100,g,23,0.99,0.12,5.51,1
농축산물,청양고추,채소류,100,g,31,1.53,0.3,7.01,1
농축산물,고추장아찌,채소류,100,g,124,2.39,0.63,31.49,"2,026"
농축산물,고춧잎 생것,채소류,100,g,45,5.07,0.32,8.49,4
농축산물,고추냉이 뿌리,채소류,100,g,103,2.9,0.5,23.7,1
농축산물,고추냉이 잎,채소류,100,g,36,3.7,0.5,6.3,
농축산물,고추냉이 줄기,채소류,100,g,24,0.9,0.2,5.6,
농축산물,곤달비,채소류,100,g,42,1.8,0.5,9.4,2
농축산물,공심채,채소류,100,g,17,2.2,0.1,3.1,26
농축산물,국화꽃,채소류,100,g,25,1.4,0,6.5,2
농축산물,근대,채소류,100,g,18,1.78,0.2,3.28,173
농축산물,갓김치,채소류,100,g,37,3.26,0.4,7.07,720
농축산물,고들빼기,채소류,100,g,88,4.1,2.7,11.9,"2,231"
농축산물,깍두기,채소류,100,g,38,1.43,0.19,7.54,501
농축산물,나박 김치,채소류,100,g,7,0.34,0.07,1.27,421
농축산물,동치미,채소류,100,g,8,0.33,0.01,1.77,533
농축산물,배추 김치,채소류,100,g,38,1.97,0.57,6.24,593
농축산물,꿀풀,채소류,100,g,48,1.6,0.2,11.9,3
농축산물,날개콩,채소류,100,g,36,1.9,0.2,6.5,
농축산물,냉이,채소류,100,g,41,4.23,0.27,8.06,5
농축산물,누리장나무잎,채소류,100,g,65,4.5,1,12.7,
농축산물,는쟁이냉이,채소류,100,g,28,2.5,0.3,5.4,
농축산물,달래,채소류,100,g,28,1.9,0.22,6.1,7
농축산물,당귀,채소류,100,g,43,3.2,0.4,8.8,3
농축산물,당근,채소류,100,g,31,1.02,0.13,7.03,23
농축산물,죽순,채소류,100,g,24,3.48,0.22,3.77,0
농축산물,더덕 뿌리,채소류,100,g,89,1.91,0.13,21.52,1
농축산물,도라지,채소류,100,g,56,1.7,0.11,13.08,3
농축산물,돌나물,채소류,100,g,15,1.19,0.08,3.23,0
농축산물,동아,채소류,100,g,15,0.5,0.1,3.8,1
농축산물,두릅 땅두릅 ,채소류,100,g,25,2.4,0.22,4.79,2
농축산물,두릅 참두릅,채소류,100,g,33,4.13,0.22,5.89,1
농축산물,둥굴레 잎 ,채소류,100,g,52,3.4,0.2,11.7,9
농축산물,들깨,채소류,100,g,17,1.7,0.1,2.5,
농축산물,들깻잎,채소류,100,g,47,4.46,0.5,8.89,1
농축산물,들깻잎장아찌,채소류,100,g,124,4.03,0.42,26,"1,809"
농축산물,"루꼴라, 생것",채소류,100,g,26,3.17,0.43,4.2,13
농축산물,리크,채소류,100,g,54,1.8,0.3,13.2,4
농축산물,마늘,채소류,100,g,128,7.45,0.16,26.42,3
농축산물,마늘 장아찌,채소류,100,g,113,2.43,0.16,25.36,"1,127"
농축산물,마늘종,채소류,100,g,53,1.86,0.06,13.39,1
농축산물,마늘종 장아찌,채소류,100,g,118,1.96,0.14,27.34,"1,410"
농축산물,풋마늘,채소류,100,g,29,1.9,0.17,7.33,2
농축산물,"마타리, 생것",채소류,100,g,45,2.1,0.1,10.9,
농축산물,"머위, 생것",채소류,100,g,17,2.31,0.14,2.74,2
농축산물,머위,채소류,100,g,25,2.17,0.41,4.42,2
농축산물,메밀,채소류,100,g,24,1.9,1.2,1.9,4
농축산물,모시풀,채소류,100,g,64,6.61,0.71,11.85,3
농축산물,무,채소류,100,g,15,0.5,0.1,4.1,19
농축산물,무순,채소류,100,g,20,1.89,1.01,1.82,15
농축산물,무말랭이,채소류,100,g,318,13.59,0.3,65.34,303
농축산물,미나리,채소류,100,g,21,2.2,0.2,3.8,18
농축산물,민들레,채소류,100,g,29,2.44,0.44,5.48,1
농축산물,바젤라,채소류,100,g,11,0.7,0.2,2.6,9
농축산물,바질,채소류,100,g,32,2.43,0.71,5.56,3
농축산물,박,채소류,100,g,21,0.5,0.1,5.2,6
농축산물,박고지,채소류,100,g,268,7.6,0.4,69,14
농축산물,박쥐나무 잎,채소류,100,g,100,6.7,1.2,20.7,27
농축산물,방가지똥,채소류,100,g,46,2.5,0.4,10.3,5
농축산물,방울다다기양배추,채소류,100,g,49,3.28,0.16,11.17,25
농축산물,배암차즈기,채소류,100,g,25,1.73,0.62,4.5,7
농축산물,배초향 잎,채소류,100,g,55,4.87,0.46,11.13,2
농축산물,배추,채소류,100,g,63,3.4,4.3,5.3,8
농축산물,배추 시래기,채소류,100,g,278,14.38,3.89,58.92,153
농축산물,배추 봄동,채소류,100,g,23,2.02,0.17,4.78,50
농축산물,배추 얼갈이배추,채소류,100,g,14,1.22,0.08,2.78,54
농축산물,백모근,채소류,100,g,337,9,2,77,115
농축산물,백합 뿌리,채소류,100,g,118,3.34,1.52,24.91,2
농축산물,보리,채소류,100,g,314,26.6,4.8,58.5,282
농축산물,부지갱이,채소류,100,g,30,3.65,0.43,4.9,15
농축산물,부추,채소류,100,g,46,1.2,0.1,11.9,2
농축산물,브로콜리,채소류,100,g,32,3.08,0.2,6.32,3
농축산물,비타민채,채소류,100,g,14,2.1,0.2,2,17
농축산물,비트,채소류,100,g,26,1.56,0.14,5.26,83
농축산물,사탕무,채소류,100,g,77,1.8,0,18.7,61
농축산물,사탕수수,채소류,100,g,77,1.1,0,20.9,10
농축산물,산마늘,채소류,100,g,36,2.02,0.21,8.21,0
농축산물,삼나물,채소류,100,g,293,22.8,2.2,61.3,
농축산물,삼채,채소류,100,g,49,0.77,0.04,12.15,15
농축산물,상추,채소류,100,g,20,1.88,0.36,3.48,17
농축산물,생강,채소류,100,g,42,0.97,0.15,9.82,4
농축산물,선인장,채소류,100,g,83,0.97,0.19,19.35,23
농축산물,섬초롱,채소류,100,g,41,3,0.4,8.5,2
농축산물,셀러리,채소류,100,g,17,1.04,0.07,3.95,70
농축산물,쇠귀나물,채소류,100,g,128,6.3,0.1,26.6,3
농축산물,숙주나물,채소류,100,g,13,1.73,0.05,2.34,4
농축산물,순무,채소류,100,g,27,1.5,0.09,5.65,59
농축산물,스테비아,채소류,100,g,40,2.4,0.32,8.71,1
농축산물,시금치,채소류,100,g,29,3.35,0.39,4.86,23
농축산물,쌈추,채소류,100,g,25,3.07,0.23,4.29,29
농축산물,쑥,채소류,100,g,37,3.4,0.38,7.04,3
농축산물,쑥갓,채소류,100,g,15,1.93,0.17,2.35,145
농축산물,씀바귀,채소류,100,g,43,2.9,0.4,9.2,36
농축산물,아스파라거스,채소류,100,g,17,2.02,0.34,2.53,3
농축산물,아욱,채소류,100,g,37,3.08,0.31,7.64,37
농축산물,아주까리,채소류,100,g,287,36.8,3.1,48,50
농축산물,알로에,채소류,100,g,3,0.1,,0.7,13
농축산물,양배추,채소류,100,g,33,1.68,0.08,7.92,8
농축산물,양파,채소류,100,g,29,0.95,0.04,6.67,3
농축산물,양파 장아찌,채소류,100,g,85,1.59,0.05,20.99,"1,442"
농축산물,양하,채소류,100,g,13,0.6,0.1,2.8,1
농축산물,어수리,채소류,100,g,31,4.4,0.3,5,
농축산물,음나무,채소류,100,g,41,6.94,0.67,5.2,1
농축산물,엉겅퀴,채소류,100,g,267,22.4,1.6,55.6,7
농축산물,여주,채소류,100,g,22,1.28,0.36,4.48,0
농축산물,연근,채소류,100,g,62,1.07,0.08,14.41,6
농축산물,연근 조림,채소류,100,g,261,2.1,1.3,60.2,668
농축산물,아마란스,채소류,100,g,45,5.8,0.9,6.5,
농축산물,열무,채소류,100,g,14,2.08,0.21,1.99,48
농축산물,락교,채소류,100,g,83,1.4,0.2,29.3,2
농축산물,영아자,채소류,100,g,34,2.5,0.1,7.7,14
농축산물,오이,채소류,100,g,13,0.8,0,3.1,3
농축산물,오이지,채소류,100,g,10,0.63,0.12,2.1,"1,647"
농축산물,오크라,채소류,100,g,26,2.1,0.2,6.6,4
농축산물,옥수수,채소류,100,g,40,1.7,0.3,8.2,
농축산물,우엉,채소류,100,g,69,2.61,0.06,15.29,6
농축산물,울금,채소류,100,g,87,1.79,2.56,15.73,11
농축산물,울외장아찌,채소류,100,g,67,5.1,0.3,13.1,"3,487"
농축산물,원추리,채소류,100,g,35,3.55,0.36,6.48,1
농축산물,유채,채소류,100,g,78,3.4,4.6,6.8,5
농축산물,잇꽃,채소류,100,g,45,3.9,0.4,9,5
농축산물,자운영,채소류,100,g,40,4.6,0.6,6.6,
농축산물,잔대,채소류,100,g,79,2.1,0.2,18.6,8
농축산물,적양무,채소류,100,g,19,2.54,0.42,2.54,70
농축산물,전호,채소류,100,g,23,3.1,0.1,4.2,62
농축산물,제비쑥,채소류,100,g,35,4.5,0.7,5,
농축산물,조뱅이,채소류,100,g,47,4,0.2,10.1,
농축산물,줄나물,채소류,100,g,236,29.7,1.7,41.9,
농축산물,진달래꽃,채소류,100,g,26,1,0.1,6.3,17
농축산물,질경이,채소류,100,g,48,3,0.2,10.8,16
농축산물,참나물,채소류,100,g,39,3.5,0.4,7.6,4
농축산물,참반디,채소류,100,g,288,12.6,2.7,65.7,6
농축산물,참빗살나무,채소류,100,g,61,7.4,0.7,10.3,2
농축산물,가죽나물,채소류,100,g,48,5.8,0.39,8.59,3
농축산물,"참죽나물, 말린것",채소류,100,g,280,27.9,1,57,37
농축산물,청경채,채소류,100,g,10,1.41,0.09,1.64,17
농축산물,초석잠,채소류,100,g,76,2.3,0.56,17,1
농축산물,총각무,채소류,100,g,22,1.38,0.07,5.18,29
농축산물,취나물,채소류,100,g,53,4.2,0.3,11.3,38
농축산물,치커리,채소류,100,g,72,1.4,0.2,17.51,50
농축산물,케일,채소류,100,g,26,3.11,0.24,4.61,47
농축산물,콜라비,채소류,100,g,22,1.16,0.05,5.16,7
농축산물,콩나물,채소류,100,g,36,4.64,1.36,3.8,1
농축산물,콩잎,채소류,100,g,94,6.6,0.3,21,
농축산물,토란대,채소류,100,g,16,0.28,0.05,4.25,1
농축산물,토마토,채소류,100,g,19,1.03,0.18,4.26,2
농축산물,잎브로콜리,채소류,100,g,40,4.7,0.6,6.7,189
농축산물,파,채소류,100,g,29,1.2,0.2,6.7,17
농축산물,삼엽채,채소류,100,g,25,1.8,0.1,5.5,15
농축산물,파프리카,채소류,100,g,24,0.77,0.12,5.95,0
농축산물,미니파프리카,채소류,100,g,41,1.01,1.09,8.32,2
농축산물,피망,채소류,100,g,28,1.17,0.09,6.94,1
농축산물,할라페뇨,채소류,100,g,27,0.92,0.94,4.74,"1,671"
농축산물,해바라기,채소류,100,g,9,2.2,0.1,0.9,36
농축산물,호박,채소류,100,g,38,4.5,1.7,3.6,4
농축산물,국수호박,채소류,100,g,18,0.6,0.1,4.4,1
농축산물,늙은호박,채소류,100,g,38,0.88,0.17,8.49,1
농축산물,단호박,채소류,100,g,57,1.19,0.65,13.63,0
농축산물,애호박,채소류,100,g,22,1.07,0.09,5.14,0
농축산물,호박즙,채소류,100,g,21,0.64,0,4.73,0
농축산물,화살나무,채소류,100,g,96,4.77,0.84,21.59,1
농축산물,검은비늘버섯,버섯류,100,g,13,1.8,0.1,4.5,3
농축산물,꽃송이버섯,버섯류,100,g,19,1.11,0.39,7.35,1
농축산물,나도팽나무버섯,버섯류,100,g,16,2.4,0,5.7,14
농축산물,노루궁뎅이버섯,버섯류,100,g,13,2.57,0.41,2.89,2
농축산물,느타리버섯,버섯류,100,g,15,2.6,0.14,4.7,2
농축산물,능이버섯,버섯류,100,g,17,2.2,0.1,5.9,12
농축산물,동충하초,버섯류,100,g,27,5.56,0.38,7.07,23
농축산물,만가닥버섯,버섯류,100,g,19,2.5,0.34,6.34,2
농축산물,목이버섯,버섯류,100,g,13,0.79,0.19,5.22,10
농축산물,밤버섯,버섯류,100,g,17,2.9,0.9,3.5,
농축산물,버들송이버섯,버섯류,100,g,20,4.2,0.1,5.5,7
농축산물,뽕나무버섯,버섯류,100,g,195,27.7,6.9,54.4,5
농축산물,상황버섯,버섯류,100,g,179,4.4,0.27,84.58,33
농축산물,송이버섯,버섯류,100,g,21,2.05,0.15,8.12,1
농축산물,싸리버섯,버섯류,100,g,20,2.8,0.6,5.7,
농축산물,아위버섯,버섯류,100,g,26,3.53,0.4,8.56,6
농축산물,애느타리버섯,버섯류,100,g,16,4.2,0.1,3.5,7
농축산물,양송이버섯,버섯류,100,g,15,3.12,0.23,3.89,5
농축산물,영지버섯,버섯류,100,g,187,9.41,1.4,81.03,2
농축산물,잎새버섯,버섯류,100,g,13,2.2,0.5,3.29,1
농축산물,새송이버섯,버섯류,100,g,20,2.92,0.23,6.54,6
농축산물,팽이버섯,버섯류,100,g,21,2.41,0.51,7,3
농축산물,갈색팽이버섯,버섯류,100,g,21,3.06,0.6,6.13,5
농축산물,포타벨라,버섯류,100,g,16,3.3,0.1,4.6,10
농축산물,표고버섯,버섯류,100,g,31,3.9,0.38,10.84,3
농축산물,표고버섯 가루,버섯류,100,g,186,18.84,2.54,68.25,20
농축산물,풀버섯,버섯류,100,g,15,2.7,0.1,4.6,4
농축산물,감,과실류,100,g,59,0.5,0.1,16.9,1
농축산물,단감,과실류,100,g,51,0.41,0.04,13.66,0
농축산물,감말랭이,과실류,100,g,255,1.94,0.16,68.61,3
농축산물,곶감,과실류,100,g,214,1.93,0.08,57.45,1
농축산물,구기자,과실류,100,g,69,4.5,2.04,10.23,1
농축산물,구아바,과실류,100,g,33,0.6,0.1,9.9,3
농축산물,구즈베리,과실류,100,g,51,1,0.1,13.2,1
농축산물,귤,과실류,100,g,48,0.59,0.12,12.39,1
농축산물,금귤,과실류,100,g,73,1.19,0.13,18.77,5
농축산물,꾸지뽕,과실류,100,g,74,1.74,2.16,13.82,0
농축산물,다래,과실류,100,g,67,1.6,0.4,16.2,2
농축산물,대추,과실류,100,g,105,1.45,0.1,27.56,1
농축산물,대추야자,과실류,100,g,281,2.2,0.2,71.3,0
농축산물,두리안,과실류,100,g,140,2.3,3.3,27.1,0
농축산물,딸기,과실류,100,g,36,0.8,0.2,8.9,13
농축산물,라임,과실류,100,g,30,0.7,0.2,10.54,2
농축산물,"라즈베리, 생것",과실류,100,g,52,1.2,0.65,11.94,1
농축산물,"라즈베리, 냉동",과실류,100,g,56,1.15,0.81,12.55,4
농축산물,람부탄,과실류,100,g,82,0.65,0.21,20.87,11
농축산물,레몬,과실류,100,g,36,0.71,0.08,9.27,2
농축산물,레몬 과즙,과실류,100,g,24,0.4,0.2,8.6,2
농축산물,롱안,과실류,100,g,60,1.31,0.1,15.14,0
농축산물,리치,과실류,100,g,61,1,0.1,16.4,0
농축산물,마가목,과실류,100,g,115,1.3,0.8,25.5,
농축산물,망고 음료,과실류,100,g,28,0.04,0.01,7.71,9
농축산물,망고,과실류,100,g,57,0.54,1.14,12.56,0
농축산물,망고스틴,과실류,100,g,71,0.6,0.2,17.5,1
농축산물,매실,과실류,100,g,41,1.1,1.1,7.8,3
농축산물,매실청,과실류,100,g,213,0.23,0.18,52.72,1
농축산물,매실 절임,과실류,100,g,216,1.86,0.52,51.08,1
농축산물,머루,과실류,100,g,79,1.51,0.94,18.32,0
농축산물,멜론,과실류,100,g,21,0.5,0.1,5.1,13
농축산물,모과,과실류,100,g,78,0.7,0.4,20,2
농축산물,무화과,과실류,100,g,57,0.6,0.1,14.3,2
농축산물,바나나,과실류,100,g,77,1.11,0.2,20,0
농축산물,배,과실류,100,g,45,0.29,0.04,12.24,0
농축산물,배즙,과실류,100,g,52,0.3,0.5,13,35
농축산물,패션프루트,과실류,100,g,100,1.68,1.55,22.58,1
농축산물,버찌,과실류,100,g,60,1.7,0.1,14.9,1
농축산물,보리밥 ,과실류,100,g,354,18.5,1.3,68.5,
농축산물,복분자,과실류,100,g,88,1.52,2.2,17.96,4
농축산물,복숭아,과실류,100,g,48,1.8,0.7,10,3
농축산물,백도복숭아,과실류,100,g,49,0.59,0.04,13.1,0
농축산물,천도복숭아,과실류,100,g,32,0.93,0.05,7.85,0
농축산물,황도복숭아,과실류,100,g,49,0.4,0.04,13.03,2
농축산물,블랙베리,과실류,100,g,43,0.67,1.13,8.69,0
농축산물,블랙커런트,과실류,100,g,63,1.4,0.41,15.38,2
농축산물,블루베리,과실류,100,g,48,0.55,0.09,12.57,0
농축산물,비파,과실류,100,g,45,0.29,0.2,11.95,0
농축산물,사과,과실류,100,g,57,0.2,0.66,14.11,0
농축산물,아오리 사과,과실류,100,g,52,0.27,0.04,14.16,0
농축산물,산딸기,과실류,100,g,55,1.35,0.22,13.55,0
농축산물,산수유,과실류,100,g,112,0.87,2.82,23.83,3
농축산물,살구,과실류,100,g,30,1.2,0.05,7.12,1
농축산물,석류,과실류,100,g,77,0.29,0.2,20.71,1
농축산물,소귀나무,과실류,100,g,24,0.8,0.6,4.6,23
농축산물,수박,과실류,100,g,31,0.79,0.05,7.83,0
농축산물,애플수박,과실류,100,g,40,0.94,0.81,8.39,0
농축산물,산자나무,과실류,100,g,70,1,3.8,9.7,20
농축산물,아떼모야,과실류,100,g,73,1.2,0.1,19,2
농축산물,아로니아,과실류,100,g,60,0.82,0.21,15.41,0
농축산물,아보카도,과실류,100,g,160,2,14.66,8.53,7
농축산물,아세로라,과실류,100,g,36,0.7,0.1,9,7
농축산물,앵두,과실류,100,g,61,1.1,0.3,15.2,10
농축산물,엘더베리,과실류,100,g,73,0.66,0.5,18.4,6
농축산물,오디,과실류,100,g,56,0.8,0.4,14,1
농축산물,오렌지,과실류,100,g,47,0.92,0.16,11.81,2
농축산물,오렴자(카람볼라),과실류,100,g,30,0.7,0.1,7.5,1
농축산물,오미자,과실류,100,g,81,2.1,3.3,12.8,1
농축산물,올리브 절임,과실류,100,g,137,1.09,12.36,5.34,"1,625"
농축산물,용과,과실류,100,g,44,1,0.4,10.3,1
농축산물,유자,과실류,100,g,49,0.93,0.09,12.54,3
농축산물,으름,과실류,100,g,158,2,12.9,11.9,
농축산물,자두,과실류,100,g,26,0.5,0.6,5.3,1
농축산물,자몽,과실류,100,g,32,0.84,0.05,7.92,1
농축산물,잭프루트,과실류,100,g,95,1.72,0.64,23.25,2
농축산물,참외,과실류,100,g,45,1.33,0.04,11.23,3
농축산물,체리,과실류,100,g,67,1.59,0.06,16.9,1
농축산물,크랜베리,과실류,100,g,46,0.46,0.13,11.97,2
농축산물,키위,과실류,100,g,54,0.77,0.26,13.73,1
농축산물,탱자,과실류,100,g,84,1.3,1.5,18.5,2
농축산물,파인애플,과실류,100,g,53,0.46,0.04,14.32,0
농축산물,파파야,과실류,100,g,23,0.45,0.05,5.95,5
농축산물,포도,과실류,100,g,60,0.4,0.27,15.73,1
농축산물,플럼코트,과실류,100,g,47,0.61,1.05,9.97,0
농축산물,프루트샐러드,과실류,100,g,82,0.2,0.4,19.3,3
농축산물,프루트칵테일,과실류,100,g,75,0.19,0.03,18.52,1
농축산물,프루트펀치,과실류,100,g,48,0,0,11.97,10
농축산물,개구리고기,육류,100,g,75,16.1,0.4,0.7,69
농축산물,거위고기,육류,100,g,161,22.75,7.13,0,87
농축산물,고래고기,육류,100,g,111,26.5,0.5,0,78
농축산물,꿩고기,육류,100,g,124,27.5,0.8,0,70
농축산물,닭고기,육류,100,g,115,24,1.4,0.1,58
농축산물,닭가슴살,육류,100,g,106,22.97,0.97,0,45
농축산물,닭날개,육류,100,g,178,18.78,10.53,0,74
농축산물,닭다리,육류,100,g,190,18.59,11.83,0,62
농축산물,닭목,육류,100,g,342,15.05,29.58,0,59
농축산물,생닭,육류,100,g,180,19,10.6,0.1,66
농축산물,오골계,육류,100,g,138,19,6.1,0.1,80
농축산물,토종닭,육류,100,g,118,22,2.6,0.2,63
농축산물,닭 간,육류,100,g,116,18.8,3.9,0.1,92
농축산물,닭똥집,육류,100,g,84,16.87,1.41,0,42
농축산물,닭 육수,육류,100,g,12,1.3,0.7,0,13
농축산물,닭뼈 육수,육류,100,g,7,0.9,0.4,0,40
농축산물,닭꼬치,육류,100,g,252,16.5,12.2,19.1,410
농축산물,돼지고기,육류,100,g,203,19.45,12.84,0,50
농축산물,돼지고기 갈비,육류,100,g,236,17.77,17.06,0,64
농축산물,돼지고기 뒷다리,육류,100,g,135,20.88,4.97,0,48
농축산물,돼지고기 등심,육류,100,g,142,23.33,4.58,0,42
농축산물,돼지고기 목심,육류,100,g,227,17.21,16.36,0,51
농축산물,돼지고기 사태,육류,100,g,156,19.78,7.72,0,71
농축산물,삼겹살,육류,100,g,372,13.9,33.31,0,56
농축산물,갈매기살,육류,100,g,190,17.92,12.16,0,56
농축산물,돼지고기 등갈비,육류,100,g,237,17.88,17.19,0,52
농축산물,돼지고기 오돌삼겹,육류,100,g,325,17.12,26.89,0,102
농축산물,돼지고기 토시살,육류,100,g,141,20.46,5.82,0,59
농축산물,돼지고기 안심,육류,100,g,123,22.21,3.15,0,46
농축산물,돼지고기 앞다리,육류,100,g,159,20.21,7.87,0,51
농축산물,돼지고기 항정살,육류,100,g,307,17.98,24.52,0,50
농축산물,돼지고기 간,육류,100,g,134,21.39,3.65,2.47,87
농축산물,돼지고기 대장,육류,100,g,227,8.7,20.2,0,21
농축산물,돼지고기 맹장,육류,100,g,371,10.8,34.6,0,54
농축산물,돼지고기 머리고기,육류,100,g,279,20.6,20.3,0.2,448
농축산물,돼지고기 비장,육류,100,g,85,18,1,0,92
농축산물,돼지고기 곱창,육류,100,g,182,7.64,16.61,0,24
농축산물,돼지고기 신장,육류,100,g,110,16.7,3.7,1.2,114
농축산물,돼지고기 염통,육류,100,g,118,17.27,4.36,1.33,56
농축산물,돼지고기 오소리감투,육류,100,g,112,17.3,4.1,0,121
농축산물,돼지고기 자궁,육류,100,g,73,15.4,0.8,0,195
농축산물,족발,육류,100,g,212,23.16,12.59,0,132
농축산물,돼지고기 직장,육류,100,g,344,9.9,32.1,0,73
농축산물,돼지고기 췌장,육류,100,g,154,20.7,7.1,0,85
농축산물,돼지고기 허파,육류,100,g,85,14.08,2.72,0,153
농축산물,베이컨,육류,100,g,241,15.27,17.12,6.42,654
농축산물,소시지,육류,100,g,467,26.7,42,2.6,"1,700"
농축산물,비엔나 소시지,육류,100,g,251,15.27,16.91,9.36,732
농축산물,이탈리안 소시지,육류,100,g,290,13.9,24.26,2.97,563
농축산물,프랑크푸르트 소시지,육류,100,g,241,14.41,17.7,5.9,795
농축산물,햄,육류,100,g,121,20.66,3.34,1.97,759
농축산물,런천미트,육류,100,g,197,15.43,11.53,7.92,778
농축산물,슬라이스햄,육류,100,g,193,17.01,12.82,2.3,703
농축산물,돼지불고기,육류,100,g,128,14.1,6.9,2.4,330
농축산물,순대,육류,100,g,178,3.18,3.96,32.28,506
농축산물,포크커틀릿,육류,100,g,285,9.4,18.2,21,345
농축산물,말고기,육류,100,g,102,20.1,2.5,0.3,50
농축산물,메추리고기,육류,100,g,194,20.5,12.9,0.1,35
농축산물,멧돼지고기,육류,100,g,249,18.8,19.8,0.5,45
농축산물,소고기 목심,육류,100,g,268,16.98,21.31,0.97,67
농축산물,소고기 사태,육류,100,g,201,33.68,6.36,0,64
농축산물,소고기 갈비,육류,100,g,307,16.5,24.4,1.9,127
농축산물,소고기 등싱,육류,100,g,313,15.61,26.3,0,56
농축산물,소고기 양지,육류,100,g,253,18.58,18.59,0,55
농축산물,소고기 채끝,육류,100,g,126,17.1,5.6,0.2,63
농축산물,소고기 간,육류,100,g,135,20.36,3.63,3.89,69
농축산물,소고기 골,육류,100,g,123,9.3,8.2,1.7,154
농축산물,소고기 꼬리,육류,100,g,252,17.4,19,0,42
농축산물,선지,육류,100,g,51,10.1,0,2.2,598
농축산물,소고기 곱창,육류,100,g,145,9,11.3,0.1,45
농축산물,소고기 신장,육류,100,g,99,17.4,3.09,0.29,182
농축산물,소고기 심장,육류,100,g,112,17.72,3.94,0.14,98
농축산물,소고기 위,육류,100,g,61,9.9,2,0.1,33
농축산물,소고기 천엽,육류,100,g,57,11.7,1.3,0,50
농축산물,소고기 허파,육류,100,g,92,16.2,2.5,0,198
농축산물,소고기 혀,육류,100,g,191,13,14.5,0,87
농축산물,소고기 육포,육류,100,g,351,49,8.2,20.2,"2,180"
농축산물,소불고기,육류,100,g,133,11.5,7.8,4.3,396
농축산물,양지국물,육류,100,g,4,1,0,0,26
농축산물,우족국물,육류,100,g,2,0.3,0.1,0,14
농축산물,잡뼈국물,육류,100,g,28,4.3,1,0,61
농축산물,송아지고기 갈비,육류,100,g,162,18.86,9.01,0,89
농축산물,송아지고기 등심,육류,100,g,177,20.07,10.07,0.07,98
농축산물,송아지고기,육류,100,g,105,20.04,2.16,0,86
농축산물,송아지고기 어깨,육류,100,g,132,19.34,5.44,0,83
농축산물,송아지고기 채끝,육류,100,g,152,19.07,7.81,0,76
농축산물,송아지고기 간,육류,100,g,140,19.93,4.85,2.91,77
농축산물,송아지고기 끌,육류,100,g,118,10.32,8.21,0,127
농축산물,송아지고기 신장,육류,100,g,99,15.76,3.12,0.85,178
농축산물,송아지고기 심장,육류,100,g,110,17.18,3.98,0.08,77
농축산물,송아지고기 허파,육류,100,g,90,16.3,2.3,0,108
농축산물,송아지고기 혀,육류,100,g,131,17.18,5.48,1.91,82
농축산물,양다리,육류,100,g,205,18.8,15.3,0.1,37
농축산물,어린양갈비,육류,100,g,372,14.52,34.39,0,56
농축산물,어린양다리,육류,100,g,201,18.58,13.49,0,57
농축산물,어린양고기,육류,100,g,143,20.88,5.94,0,68
농축산물,어린양어깨,육류,100,g,264,16.58,21.45,0,61
농축산물,어린양간,육류,100,g,139,20.38,5.02,1.78,70
농축산물,염소고기,육류,100,g,181,19.88,10.31,0,70
농축산물,오리고기,육류,100,g,117,21,3.07,0,83
농축산물,자라고기,육류,100,g,175,16.4,13.4,0.5,69
농축산물,칠면조고기,육류,100,g,144,21.64,5.64,0.13,112
농축산물,토끼고기,육류,100,g,135,21.7,4.4,0.6,56
농축산물,거위알,난류,100,g,193,13.2,14.1,0.8,45
농축산물,기러기알,난류,100,g,193,12.3,13.9,2.4,143
농축산물,달걀,난류,100,g,136,12.91,8.25,0.79,139
농축산물,달걀프라이,난류,100,g,206,15.12,13.46,3.79,162
농축산물,수란,난류,100,g,145,12.3,11.7,0.2,110
농축산물,스크램블에그,난류,100,g,149,9.99,10.98,1.61,145
농축산물,유정란,난류,100,g,156,10.9,8.4,8.1,163
농축산물,메추리알,난류,100,g,146,12.8,9.02,1.66,137
농축산물,오리알,난류,100,g,171,13.11,11.32,2.03,136
농축산물,가라지,어패류 및 기타 수산물,100,g,78,14.8,1.3,0.7,
농축산물,가물치,어패류 및 기타 수산물,100,g,86,18.2,0.8,0.3,86
농축산물,가시망둑,어패류 및 기타 수산물,100,g,101,22.4,0.7,0,20
농축산물,가오리,어패류 및 기타 수산물,100,g,80,17.3,0.7,0,
농축산물,가자미,어패류 및 기타 수산물,100,g,129,22.1,3.7,0.3,230
농축산물,갈치,어패류 및 기타 수산물,100,g,149,18.5,7.5,0.1,100
농축산물,갈치젓,어패류 및 기타 수산물,100,g,176,8.6,3.2,28.2,
농축산물,강달이,어패류 및 기타 수산물,100,g,109,17,3.9,0.1,
농축산물,게르치,어패류 및 기타 수산물,100,g,158,20.8,7.5,0,85
농축산물,고등어,어패류 및 기타 수산물,100,g,183,20.2,10.4,0,75
농축산물,자반고등어,어패류 및 기타 수산물,100,g,258,18.99,16.14,6.36,340
농축산물,고등어 통조림,어패류 및 기타 수산물,100,g,103,15.6,4.46,0,305
농축산물,괴도라치,어패류 및 기타 수산물,100,g,74,17.2,0.1,,
농축산물,군평선이,어패류 및 기타 수산물,100,g,103,18.5,2.6,0.2,
농축산물,기름종개,어패류 및 기타 수산물,100,g,107,17.5,3.3,0.5,
농축산물,까나리,어패류 및 기타 수산물,100,g,114,16,4.8,0.3,120
농축산물,까나리액젓,어패류 및 기타 수산물,100,g,30,7.16,0.01,0.27,"8,783"
농축산물,꺽저기,어패류 및 기타 수산물,100,g,92,19.5,1,0.1,
농축산물,꼬치고기,어패류 및 기타 수산물,100,g,97,20.5,0.8,0.7,
농축산물,꼼치,어패류 및 기타 수산물,100,g,70,16.4,0.1,0,
농축산물,꽁치,어패류 및 기타 수산물,100,g,142,22.7,4.7,0.4,80
농축산물,과메기,어패류 및 기타 수산물,100,g,421,32.1,29.9,0.9,
농축산물,꽁치 통조림,어패류 및 기타 수산물,100,g,113,13.12,6.76,0,262
농축산물,날치,어패류 및 기타 수산물,100,g,99,22.2,0.5,0.1,
농축산물,날치알,어패류 및 기타 수산물,100,g,94,10.2,2.2,8.3,"1,305"
농축산물,납지리,어패류 및 기타 수산물,100,g,86,17.5,1.2,0.1,
농축산물,광어,어패류 및 기타 수산물,100,g,125,22.36,3.28,0,49
농축산물,네동가리,어패류 및 기타 수산물,100,g,82,19.2,0.1,0.1,
농축산물,노랑촉수,어패류 및 기타 수산물,100,g,248,7.1,19.5,8.3,
농축산물,노래미,어패류 및 기타 수산물,100,g,89,17.5,1.3,0.8,
농축산물,놀래기,어패류 및 기타 수산물,100,g,107,19.2,2.8,0,
농축산물,농어,어패류 및 기타 수산물,100,g,96,18.2,1.9,0.2,108
농축산물,누치,어패류 및 기타 수산물,100,g,105,17.3,3,0.8,
농축산물,눈볼대,어패류 및 기타 수산물,100,g,144,22.3,5.3,0,
농축산물,눈퉁멸,어패류 및 기타 수산물,100,g,138,18.5,6.2,0.4,
농축산물,능성어,어패류 및 기타 수산물,100,g,93,18.8,1.3,0.3,
농축산물,다금바리,어패류 및 기타 수산물,100,g,100,19.3,1.9,0.1,102
농축산물,가다랑어,어패류 및 기타 수산물,100,g,127,25.9,1.8,0.3,44
농축산물,가다랑어 육수,어패류 및 기타 수산물,100,g,2,0.4,0,0,21
농축산물,가다랑어 통조림,어패류 및 기타 수산물,100,g,185,22.31,10.6,0,157
농축산물,참다랑어,어패류 및 기타 수산물,100,g,177,23.99,8.09,0,62
농축산물,참다랑어 샐러드,어패류 및 기타 수산물,100,g,187,16.04,9.26,9.41,402
농축산물,달강어,어패류 및 기타 수산물,100,g,121,19.7,4,0.1,
농축산물,달고기,어패류 및 기타 수산물,100,g,97,19.1,1.4,0.7,
농축산물,대구,어패류 및 기타 수산물,100,g,86,19.5,0.3,0.3,
농축산물,대구포,어패류 및 기타 수산물,100,g,312,65.4,3,1.8,967
농축산물,대구 튀김,어패류 및 기타 수산물,100,g,106,13.7,0.8,11.1,221
농축산물,대구 알,어패류 및 기타 수산물,100,g,109,23.4,1.6,0.2,
농축산물,대구젓,어패류 및 기타 수산물,100,g,62,14.7,0.4,0,"2,562"
농축산물,도다리,어패류 및 기타 수산물,100,g,78,17.6,0.2,0.5,
농축산물,도도바리,어패류 및 기타 수산물,100,g,95,19.4,1.2,0.5,
농축산물,도루묵,어패류 및 기타 수산물,100,g,113,16,4.6,0.5,
농축산물,도치,어패류 및 기타 수산물,100,g,62,7.2,3,0.9,
농축산물,독가시치,어패류 및 기타 수산물,100,g,97,20.3,1.2,0,
농축산물,각시돔,어패류 및 기타 수산물,100,g,90,20.1,0.6,0,
농축산물,감성돔,어패류 및 기타 수산물,100,g,101,18.8,2.3,0.1,
농축산물,강담돔,어패류 및 기타 수산물,100,g,93,18.9,1.4,0,
농축산물,구갈돔,어패류 및 기타 수산물,100,g,89,20.4,0.3,0,
농축산물,금눈돔,어패류 및 기타 수산물,100,g,122,18.5,4.5,0.3,
농축산물,꼽새돔,어패류 및 기타 수산물,100,g,102,19,2.3,0.1,
농축산물,도화돔,어패류 및 기타 수산물,100,g,130,21.3,4.3,0,
농축산물,독돔,어패류 및 기타 수산물,100,g,97,20.8,0.9,0.2,
농축산물,돌돔,어패류 및 기타 수산물,100,g,86,17.8,1,0.4,
농축산물,백미돔,어패류 및 기타 수산물,100,g,102,21,1.2,0.4,
농축산물,범돔,어패류 및 기타 수산물,100,g,94,19.5,1.1,0.4,
농축산물,벵에돔,어패류 및 기타 수산물,100,g,98,20.2,1.4,0,
농축산물,뿔돔,어패류 및 기타 수산물,100,g,97,18,2.2,0,
농축산물,샛돔,어패류 및 기타 수산물,100,g,121,16.3,5.5,0.2,
농축산물,실꼬리돔,어패류 및 기타 수산물,100,g,107,19.8,2.5,0.1,
농축산물,실붉돔,어패류 및 기타 수산물,100,g,101,17.8,2.7,0,
농축산물,어름돔,어패류 및 기타 수산물,100,g,94,19.5,1.2,0,
농축산물,옥돔,어패류 및 기타 수산물,100,g,104,19.5,2.3,0,
농축산물,육동가리돔,어패류 및 기타 수산물,100,g,103,18.6,2.6,0,
농축산물,자리돔,어패류 및 기타 수산물,100,g,88,19.5,0.4,0.4,
농축산물,참돔,어패류 및 기타 수산물,100,g,82,18.4,0.1,0.8,
농축산물,호박돔,어패류 및 기타 수산물,100,g,90,20.3,0.5,0,
농축산물,혹돔,어패류 및 기타 수산물,100,g,96,18.5,1.7,0.4,
농축산물,황돔,어패류 및 기타 수산물,100,g,102,20.2,1.7,0.3,
농축산물,황줄돔,어패류 및 기타 수산물,100,g,97,19.3,1.6,0,
농축산물,동사리,어패류 및 기타 수산물,100,g,81,16.9,1,0,
농축산물,빠가사리,어패류 및 기타 수산물,100,g,81,15.7,1.6,0,
농축산물,둑중개,어패류 및 기타 수산물,100,g,104,15,4.2,0.2,260
농축산물,드렁허리,어패류 및 기타 수산물,100,g,92,17.9,1.7,0,
농축산물,등가시치,어패류 및 기타 수산물,100,g,79,18.5,0.1,,
농축산물,만새기,어패류 및 기타 수산물,100,g,100,21.3,1.9,0,50
농축산물,망둑어,어패류 및 기타 수산물,100,g,77,16.4,0.7,0.3,
농축산물,매퉁이,어패류 및 기타 수산물,100,g,93,20.8,0.5,0.1,
농축산물,메기,어패류 및 기타 수산물,100,g,114,15.1,5.3,0.1,46
농축산물,멸치,어패류 및 기타 수산물,100,g,127,17.7,5.4,0.3,
농축산물,대멸치,어패류 및 기타 수산물,100,g,302,59.31,5.45,0,"2,180"
농축산물,중멸치,어패류 및 기타 수산물,100,g,245,49.69,3.3,1.07,"2,377"
농축산물,잔멸치,어패류 및 기타 수산물,100,g,226,42.94,4.59,0.32,"2,646"
농축산물,멸치 볶음,어패류 및 기타 수산물,100,g,262,23.3,11.2,17,"1,378"
농축산물,잔멸치볶음,어패류 및 기타 수산물,100,g,342,31,12.6,26.2,"1,896"
농축산물,멸치 육수,어패류 및 기타 수산물,100,g,0,0.1,0,0,19
농축산물,멸치 액젓,어패류 및 기타 수산물,100,g,31,6.53,0.02,1.13,"8,188"
농축산물,멸치젓,어패류 및 기타 수산물,100,g,118,14,6.3,0,
농축산물,멸치 통조림,어패류 및 기타 수산물,100,g,170,9.7,14.6,0,
농축산물,명태,어패류 및 기타 수산물,100,g,80,17.5,0.7,0,132
농축산물,노가리,어패류 및 기타 수산물,100,g,351,74.3,3.8,0.3,
농축산물,동태,어패류 및 기타 수산물,100,g,72,15.9,0.5,0.1,210
농축산물,먹태포,어패류 및 기타 수산물,100,g,372,82.7,2.4,0,482
농축산물,북어,어패류 및 기타 수산물,100,g,339,73.18,3.09,0.32,464
농축산물,코다리,어패류 및 기타 수산물,100,g,290,61.7,3.1,0,
농축산물,황태포,어패류 및 기타 수산물,100,g,349,79,0.4,2.8,438
농축산물,명태포,어패류 및 기타 수산물,100,g,306,43.9,1.5,29.2,
농축산물,창난젓,어패류 및 기타 수산물,100,g,143,10.83,1.2,22.22,"1,940"
농축산물,명태알,어패류 및 기타 수산물,100,g,120,20.5,3,2.7,
농축산물,명란알젓,어패류 및 기타 수산물,100,g,135,22.38,3.01,4.52,"2,232"
농축산물,모래무지,어패류 및 기타 수산물,100,g,77,15.7,1.1,0,
농축산물,몽치다래,어패류 및 기타 수산물,100,g,159,24.1,5.9,0.5,
농축산물,문절망둑,어패류 및 기타 수산물,100,g,248,28.3,2.1,29,
농축산물,물치다래,어패류 및 기타 수산물,100,g,168,23.4,7.3,0.1,
농축산물,미꾸리,어패류 및 기타 수산물,100,g,96,16.2,2.8,0.2,85
농축산물,민달고기,어패류 및 기타 수산물,100,g,95,20.3,1,0.1,
농축산물,민어,어패류 및 기타 수산물,100,g,86,18,0.8,0.5,
농축산물,민어알,어패류 및 기타 수산물,100,g,284,35.1,15.9,0,711
농축산물,민태,어패류 및 기타 수산물,100,g,88,15.2,2.5,0,
농축산물,박대,어패류 및 기타 수산물,100,g,90,19.2,0.7,0.6,
농축산물,방어,어패류 및 기타 수산물,100,g,101,21.7,0.8,0.4,32
농축산물,방어 통조림,어패류 및 기타 수산물,100,g,312,27.2,22.4,0.5,
농축산물,백연,어패류 및 기타 수산물,100,g,89,19,0.8,0.3,
농축산물,밴댕이,어패류 및 기타 수산물,100,g,225,16.3,16.5,0.2,
농축산물,뱅어,어패류 및 기타 수산물,100,g,68,13.3,1.1,0.3,170
농축산물,뱅어포,어패류 및 기타 수산물,100,g,363,60.4,11,1.2,680
농축산물,베도라치,어패류 및 기타 수산물,100,g,105,20.7,1.9,,
농축산물,베로치,어패류 및 기타 수산물,100,g,86,19.5,0.4,0,
농축산물,베스,어패류 및 기타 수산물,100,g,81,18.2,0.4,0.1,
농축산물,벤자리,어패류 및 기타 수산물,100,g,123,17,5.3,0.3,160
농축산물,병어,어패류 및 기타 수산물,100,g,130,16.4,6.3,0.3,158
농축산물,보구치,어패류 및 기타 수산물,100,g,119,19.3,3.9,0.3,
농축산물,보리멸,어패류 및 기타 수산물,100,g,93,19.5,1.1,0,140
농축산물,복어,어패류 및 기타 수산물,100,g,94,21.5,0.3,0.1,
농축산물,볼기우럭,어패류 및 기타 수산물,100,g,129,18.7,5.3,0,
농축산물,볼락,어패류 및 기타 수산물,100,g,93,19.3,1,0.6,
농축산물,부세,어패류 및 기타 수산물,100,g,105,17.2,3.4,0,
농축산물,부시리,어패류 및 기타 수산물,100,g,109,22.3,1.5,0.1,
농축산물,부치,어패류 및 기타 수산물,100,g,71,15.8,0.5,0,
농축산물,붉바리,어패류 및 기타 수산물,100,g,99,21,1.1,0.1,
농축산물,붕어,어패류 및 기타 수산물,100,g,94,18.1,1.8,0.1,30
농축산물,블루길,어패류 및 기타 수산물,100,g,83,17.8,0.8,0.2,
농축산물,빙어,어패류 및 기타 수산물,100,g,85,18.4,0.8,0,
농축산물,산천어,어패류 및 기타 수산물,100,g,117,20.3,3.3,0.1,50
농축산물,살살치,어패류 및 기타 수산물,100,g,70,15.5,0.2,0.6,
농축산물,삼세기,어패류 및 기타 수산물,100,g,97,18.6,1.8,0.5,
농축산물,삼치,어패류 및 기타 수산물,100,g,112,20.08,2.93,0,39
농축산물,가래상어,어패류 및 기타 수산물,100,g,99,22.2,0.5,0.1,
농축산물,곱상어,어패류 및 기타 수산물,100,g,164,16.2,10,0.3,
농축산물,까치상어,어패류 및 기타 수산물,100,g,112,24.1,0.7,0.9,
농축산물,돔발상어,어패류 및 기타 수산물,100,g,85,17.9,1,0,
농축산물,두툽상어,어패류 및 기타 수산물,100,g,94,21.4,0.3,0.3,
농축산물,망상어,어패류 및 기타 수산물,100,g,89,18.9,0.9,0.2,
농축산물,모조리상어,어패류 및 기타 수산물,100,g,108,21.7,1.7,,
농축산물,별상어,어패류 및 기타 수산물,100,g,103,23.5,0.3,0.3,
농축산물,악상어,어패류 및 기타 수산물,100,g,284,13.4,24.2,,
농축산물,은상어,어패류 및 기타 수산물,100,g,101,22.9,0.5,,
농축산물,청새리상어,어패류 및 기타 수산물,100,g,101,18.5,2.4,0.1,
농축산물,흉상어,어패류 및 기타 수산물,100,g,112,23.5,1.4,,
농축산물,샥스핀,어패류 및 기타 수산물,100,g,341,80.7,0,0,180
농축산물,상어알,어패류 및 기타 수산물,100,g,314,25,23.5,0.5,
농축산물,새다래,어패류 및 기타 수산물,100,g,104,18.9,2.6,,
농축산물,샛멸,어패류 및 기타 수산물,100,g,82,19.5,0.6,0,250
농축산물,서대,어패류 및 기타 수산물,100,g,84,18.6,0.4,0.5,
농축산물,성대,어패류 및 기타 수산물,100,g,94,19.9,1,0.2,
농축산물,송어,어패류 및 기타 수산물,100,g,121,21,3.4,0.1,110
농축산물,숭어,어패류 및 기타 수산물,100,g,107,21.7,1.5,0.4,
농축산물,쌍동가리,어패류 및 기타 수산물,100,g,101,20.8,1.4,0,
농축산물,쌍뿔달재,어패류 및 기타 수산물,100,g,75,16.9,0.4,0.1,
농축산물,쏘가리,어패류 및 기타 수산물,100,g,111,17.2,4.1,0,86
농축산물,쏨뱅이,어패류 및 기타 수산물,100,g,90,19.9,0.6,0.1,
농축산물,쑤기미,어패류 및 기타 수산물,100,g,84,18.5,0.4,0.5,0
농축산물,쑥감펭,어패류 및 기타 수산물,100,g,83,19,0.3,0,
농축산물,아귀,어패류 및 기타 수산물,100,g,63,14.1,0.2,0.5,
농축산물,아홉동가리,어패류 및 기타 수산물,100,g,106,19.8,2.3,0.1,
농축산물,애꼬치,어패류 및 기타 수산물,100,g,137,18.9,7.2,0.1,120
농축산물,양미리,어패류 및 기타 수산물,100,g,123,21.5,3.4,0,
농축산물,양태,어패류 및 기타 수산물,100,g,87,20,0.2,0.1,
농축산물,어묵,어패류 및 기타 수산물,100,g,169,11.44,4.49,20.69,699
농축산물,어묵 국물,어패류 및 기타 수산물,100,g,3,0.09,0.15,0.4,66
농축산물,어육소시지,어패류 및 기타 수산물,100,g,174,9.01,7.45,17.75,584
농축산물,얼룩통구멍,어패류 및 기타 수산물,100,g,82,18.2,0.5,0,
농축산물,여덟동가리,어패류 및 기타 수산물,100,g,110,19.2,3.1,0,
농축산물,연어,어패류 및 기타 수산물,100,g,106,20.6,1.9,0.2,95
농축산물,열쌍동가리,어패류 및 기타 수산물,100,g,86,18.3,0.9,0.1,
농축산물,우각바리,어패류 및 기타 수산물,100,g,91,19,1.2,0,
농축산물,웅어,어패류 및 기타 수산물,100,g,169,15.9,10.8,0,
농축산물,은어,어패류 및 기타 수산물,100,g,114,16.7,4.5,0.2,70
농축산물,인상어,어패류 및 기타 수산물,100,g,133,21.8,4.2,0.4,
농축산물,임연수어,어패류 및 기타 수산물,100,g,152,19.6,7.1,0.5,
농축산물,잉어,어패류 및 기타 수산물,100,g,113,17.5,4,0.3,48
농축산물,장갱이,어패류 및 기타 수산물,100,g,90,19.1,1,0,
농축산물,장문볼락,어패류 및 기타 수산물,100,g,87,15.7,2.1,0.2,111
농축산물,장어,어패류 및 기타 수산물,100,g,170,17.9,9.9,0.4,
농축산물,전갱이,어패류 및 기타 수산물,100,g,133,20.7,4.8,0.1,
농축산물,전어,어패류 및 기타 수산물,100,g,107,19.2,2.7,0.2,
농축산물,점감펭,어패류 및 기타 수산물,100,g,90,19.4,0.7,0.3,
농축산물,점줄우럭,어패류 및 기타 수산물,100,g,100,19.3,1.9,0.1,
농축산물,정어리,어패류 및 기타 수산물,100,g,171,20,9.1,0.2,95
농축산물,조기,어패류 및 기타 수산물,100,g,118,19.02,4.04,0,51
농축산물,준치,어패류 및 기타 수산물,100,g,129,20.1,4.7,0,155
농축산물,쥐치,어패류 및 기타 수산물,100,g,83,19.1,0.1,0.3,
농축산물,쥐치 포,어패류 및 기타 수산물,100,g,339,41.8,2.3,34.3,"1,504"
농축산물,참마자,어패류 및 기타 수산물,100,g,90,17.7,1.5,0.3,
농축산물,청새치,어패류 및 기타 수산물,100,g,107,23.1,1.8,0.1,65
농축산물,청어,어패류 및 기타 수산물,100,g,213,16.3,15.1,0.4,
농축산물,청어 알,어패류 및 기타 수산물,100,g,102,19.6,2.4,0.5,
농축산물,초어,어패류 및 기타 수산물,100,g,89,17.1,1.7,0.2,
농축산물,통치,어패류 및 기타 수산물,100,g,138,20,5.7,0.1,108
농축산물,투라치,어패류 및 기타 수산물,100,g,79,18.1,0.1,0.5,
농축산물,틸라피아,어패류 및 기타 수산물,100,g,126,19.3,4.7,0.2,60
농축산물,푸렁통구멍,어패류 및 기타 수산물,100,g,76,17.4,0.2,0.2,
농축산물,풀반지,어패류 및 기타 수산물,100,g,167,16.9,10.1,0.2,
농축산물,피라미,어패류 및 기타 수산물,100,g,105,18.5,2.8,0.2,53
농축산물,학공치,어패류 및 기타 수산물,100,g,94,17.8,1.7,0.7,
농축산물,향어,어패류 및 기타 수산물,100,g,158,18.4,8.7,0.1,
농축산물,홍감펭,어패류 및 기타 수산물,100,g,108,16.7,3.9,0.2,
농축산물,홍어,어패류 및 기타 수산물,100,g,87,19.6,0.5,0,222
농축산물,황매퉁이,어패류 및 기타 수산물,100,g,97,20,1.3,0.1,
농축산물,황새치,어패류 및 기타 수산물,100,g,81,17,1,0,
농축산물,황어,어패류 및 기타 수산물,100,g,95,18.3,1.8,0.2,45
농축산물,횟대,어패류 및 기타 수산물,100,g,74,17.1,0.1,0.3,
농축산물,히메치,어패류 및 기타 수산물,100,g,99,20.9,1.1,0,
농축산물,가리비,어패류 및 기타 수산물,100,g,80,15.18,1.73,0,735
농축산물,가리비 통조림,어패류 및 기타 수산물,100,g,107,21.6,0.3,4.4,500
농축산물,각시수랑,어패류 및 기타 수산물,100,g,70,15,0.3,0.9,
농축산물,비단고둥,어패류 및 기타 수산물,100,g,95,17,1.2,2.8,
농축산물,참굴,어패류 및 기타 수산물,100,g,83,9.66,2.19,5.27,480
농축산물,굴 통조림,어패류 및 기타 수산물,100,g,83,14.7,2.7,0,378
농축산물,꼬막,어패류 및 기타 수산물,100,g,63,12.6,0.3,1.6,
농축산물,다슬기,어패류 및 기타 수산물,100,g,85,11.9,1.2,5.7,
농축산물,담치,어패류 및 기타 수산물,100,g,82,13.8,1.2,3.1,
농축산물,대수리,어패류 및 기타 수산물,100,g,112,18.8,2.6,1.9,
농축산물,대합,어패류 및 기타 수산물,100,g,62,12,0.8,1,
농축산물,동죽,어패류 및 기타 수산물,100,g,69,11.8,1.6,0.9,
농축산물,바지락,어패류 및 기타 수산물,100,g,74,12.27,0.93,3.2,383
농축산물,백합,어패류 및 기타 수산물,100,g,74,11.7,1,3.6,
농축산물,소라,어패류 및 기타 수산물,100,g,107,20.7,0.3,4,
농축산물,수랑,어패류 및 기타 수산물,100,g,86,15.9,0.7,2.9,220
농축산물,오분자기,어패류 및 기타 수산물,100,g,95,13.3,2.1,4.6,
농축산물,우렁이,어패류 및 기타 수산물,100,g,73,10.5,1.4,3.8,81
농축산물,골뱅이,어패류 및 기타 수산물,100,g,109,7.1,2,15.7,526
농축산물,재첩,어패류 및 기타 수산물,100,g,94,12.5,1.9,5.8,390
농축산물,전복,어패류 및 기타 수산물,100,g,85,14.3,0.7,4.5,
농축산물,전복 내장,어패류 및 기타 수산물,100,g,150,18.5,7.6,0,
농축산물,전복 통조림,어패류 및 기타 수산물,100,g,131,14.7,0.1,17.9,900
농축산물,명주조개,어패류 및 기타 수산물,100,g,62,12,0.7,1.1,380
농축산물,맛조개,어패류 및 기타 수산물,100,g,56,9.7,1,1.3,303
농축산물,새조개,어패류 및 기타 수산물,100,g,114,21.5,1.9,1.3,100
농축산물,왕우럭조개,어패류 및 기타 수산물,100,g,101,16.4,2.2,2.7,330
농축산물,비단조개,어패류 및 기타 수산물,100,g,68,11.9,0.6,3,
농축산물,진주조개,어패류 및 기타 수산물,100,g,56,10.1,0.9,1.1,
농축산물,키조개,어패류 및 기타 수산물,100,g,57,10.3,1.1,0.8,260
농축산물,펄조개,어패류 및 기타 수산물,100,g,74,9.4,1,6,
농축산물,피조개,어패류 및 기타 수산물,100,g,66,11.6,0.6,2.7,
농축산물,조개,어패류 및 기타 수산물,100,g,71,10.83,0.63,5.45,"3,797"
농축산물,갯가재,어패류 및 기타 수산물,100,g,87,16.1,1.7,0.8,
농축산물,바닷가재,어패류 및 기타 수산물,100,g,77,15.97,0.95,0,58
농축산물,가재,어패류 및 기타 수산물,100,g,82,16.77,1.2,0,94
농축산물,개불,어패류 및 기타 수산물,100,g,53,10.5,0.2,1.6,
농축산물,꽃게,어패류 및 기타 수산물,100,g,77,16.19,0.7,0.43,418
농축산물,게,어패류 및 기타 수산물,100,g,83,17.88,0.74,0,395
농축산물,닭게,어패류 및 기타 수산물,100,g,69,15.2,0.5,0.1,
농축산물,민꽃게,어패류 및 기타 수산물,100,g,86,14.8,1.6,2,
농축산물,방게,어패류 및 기타 수산물,100,g,66,11.9,1.3,0.9,134
농축산물,붉은대게,어패류 및 기타 수산물,100,g,48,10.5,0.3,0.3,
농축산물,왕게,어패류 및 기타 수산물,100,g,67,13.7,0.7,0.6,550
농축산물,주름송편게,어패류 및 기타 수산물,100,g,87,18.8,0.3,1.1,
농축산물,참게,어패류 및 기타 수산물,100,g,175,14.4,12,0.2,
농축산물,게맛살,어패류 및 기타 수산물,100,g,119,7.7,1.12,19.45,668
농축산물,군소,어패류 및 기타 수산물,100,g,36,5.8,1,0.5,
농축산물,꼴뚜기,어패류 및 기타 수산물,100,g,91,14.4,3,0.6,170
농축산물,참꼴뚜기,어패류 및 기타 수산물,100,g,78,13.6,1.8,1,152
농축산물,낙지,어패류 및 기타 수산물,100,g,73,16.3,0.43,0,479
농축산물,세발낙지,어패류 및 기타 수산물,100,g,55,11.5,0.6,0.1,227
농축산물,멍게,어패류 및 기타 수산물,100,g,40,6.7,0.6,1.6,
농축산물,끈멍게,어패류 및 기타 수산물,100,g,63,7.4,1.5,5,
농축산물,붉은멍게,어패류 및 기타 수산물,100,g,75,9.2,2.6,3.7,
농축산물,문어,어패류 및 기타 수산물,100,g,70,16.4,0.7,0.1,280
농축산물,대문어,어패류 및 기타 수산물,100,g,58,12.2,0.6,0.3,
농축산물,참문어,어패류 및 기타 수산물,100,g,56,12.7,0.2,0.1,
농축산물,미더덕,어패류 및 기타 수산물,100,g,44,4.3,1.2,4.1,
농축산물,꽃새우,어패류 및 기타 수산물,100,g,114,22,2,0.6,
농축산물,대하,어패류 및 기타 수산물,100,g,82,18.1,0.6,0.1,120
농축산물,물렁가시붉은새우,어패류 및 기타 수산물,100,g,83,18,0.5,0.6,
농축산물,보리새우,어패류 및 기타 수산물,100,g,71,15.1,0.7,0.1,140
농축산물,부채새우,어패류 및 기타 수산물,100,g,65,13.7,0.8,0,362
농축산물,중하,어패류 및 기타 수산물,100,g,94,20.1,0.9,0.1,270
농축산물,젓새우,어패류 및 기타 수산물,100,g,62,9.6,1.2,2.6,360
농축산물,흰다리새우,어패류 및 기타 수산물,100,g,98,21.17,0.89,0,122
농축산물,새우 젓,어패류 및 기타 수산물,100,g,40,8.09,0.32,1.2,"8,003"
농축산물,성게,어패류 및 기타 수산물,100,g,148,15.8,8.5,2,190
농축산물,"성게 알,",어패류 및 기타 수산물,100,g,104,9.2,1.5,13.4,"4,091"
농축산물,성게 통조림,어패류 및 기타 수산물,100,g,138,14,5.1,8.9,
농축산물,오징어,어패류 및 기타 수산물,100,g,94,18.84,1.44,0.16,199
농축산물,오징어 채,어패류 및 기타 수산물,100,g,282,39.31,2.41,22.79,"1,123"
농축산물,오징어 포,어패류 및 기타 수산물,100,g,280,63.5,2.7,0.4,930
농축산물,갑오징어,어패류 및 기타 수산물,100,g,75,15.1,1.2,0.1,214
농축산물,오징어 튀김,어패류 및 기타 수산물,100,g,308,11.9,18.1,24.3,360
농축산물,주꾸미,어패류 및 기타 수산물,100,g,52,10.8,0.5,0.5,
농축산물,크릴,어패류 및 기타 수산물,100,g,76,12.1,2.6,0.2,420
농축산물,크릴 페이스트,어패류 및 기타 수산물,100,g,130,16.5,5.5,2,
농축산물,한치,어패류 및 기타 수산물,100,g,81,14.9,1.8,0.3,258
농축산물,해삼,어패류 및 기타 수산물,100,g,24,3.7,0.4,1.3,"1,300"
농축산물,해파리,어패류 및 기타 수산물,100,g,6,1.3,0,0.1,
농축산물,갈래곰보,해조류,100,g,12,0.9,0.2,4.6,380
농축산물,곰피,해조류,100,g,141,12.9,1.3,54.7,
농축산물,곰피 가루,해조류,100,g,129,10,1.4,51.4,
농축산물,김,해조류,100,g,182,38.46,2.82,46.19,903
농축산물,꼬시래기,해조류,100,g,17,1.8,0.2,6.2,75
농축산물,다시마,해조류,100,g,12,1.1,0.2,4.2,75
농축산물,다시마 육수,해조류,100,g,1,0.1,0,0.3,31
농축산물,대황,해조류,100,g,145,7.3,0.2,64.5,"2,900"
농축산물,뜸부기,해조류,100,g,128,6.1,2.5,52.1,
농축산물,매생이,해조류,100,g,39,3.88,3.29,8.19,104
농축산물,모자반,해조류,100,g,18,1.8,0.2,6.7,
농축산물,미역,해조류,100,g,12,1.68,0.29,3.7,361
농축산물,미역 가루,해조류,100,g,134,10.7,1.8,52.4,
농축산물,불등풀가사리,해조류,100,g,147,16.5,0.6,55.7,
농축산물,석묵,해조류,100,g,38,9.6,0.2,9.1,
농축산물,순채,해조류,100,g,22,2.5,0.7,7.1,
농축산물,우뭇가사리,해조류,100,g,46,4.2,0.2,18.5,
농축산물,우뭇가사리묵,해조류,100,g,2,0.1,0,0.8,
농축산물,한천,해조류,100,g,154,2.3,0.1,74.6,
농축산물,진두발,해조류,100,g,119,2.5,1.5,53.5,551
농축산물,청각,해조류,100,g,8,1.4,0.4,1.6,
농축산물,클로렐라,해조류,100,g,174,45.3,7.2,25.7,
농축산물,톳,해조류,100,g,16,1.9,0.4,5,
농축산물,파래,해조류,100,g,11,2.18,0.15,2.95,122
농축산물,모유,우유 및 유제품류,100,g,61,1.1,3.5,7.2,15
농축산물,분유,우유 및 유제품류,100,g,498,13.98,23.93,56.6,173
농축산물,탈분유,우유 및 유제품류,100,g,509,25.46,27.32,39.07,322
농축산물,산양유,우유 및 유제품류,100,g,62,3.16,3.62,4.03,40
농축산물,셔벗,우유 및 유제품류,100,g,128,0.9,1,28.7,13
농축산물,아이스밀크,우유 및 유제품류,100,g,167,3.4,6.4,23.9,75
농축산물,아이스크림,우유 및 유제품류,100,g,139,2.38,3.98,23.5,33
농축산물,연유,우유 및 유제품류,100,g,367,7.76,7.84,66.31,101
농축산물,요구르트,우유 및 유제품류,100,g,65,1.29,0.02,15.23,17
농축산물,우유,우유 및 유제품류,100,g,65,3.08,3.32,5.53,36
농축산물,저지방우유,우유 및 유제품류,100,g,42,3.43,0.9,4.86,37
농축산물,치즈,우유 및 유제품류,100,g,356,24.94,27.44,2.22,819
농축산물,까망베르 치즈,우유 및 유제품류,100,g,300,19.8,24.26,0.46,842
농축산물,리코타 치즈,우유 및 유제품류,100,g,159,7.1,11.5,6.7,160
농축산물,모차렐라 치즈,우유 및 유제품류,100,g,236,17.34,16.49,3.15,243
농축산물,브리 치즈,우유 및 유제품류,100,g,334,20.75,27.68,0.45,629
농축산물,브릭 치즈,우유 및 유제품류,100,g,371,23.24,29.68,2.79,560
농축산물,블루 치즈,우유 및 유제품류,100,g,353,21.4,28.74,2.34,"1,146"
농축산물,체다 치즈,우유 및 유제품류,100,g,298,18.76,21.3,6.17,928
농축산물,카테지 치즈,우유 및 유제품류,100,g,99,13.3,4.5,1.9,400
농축산물,크림 치즈,우유 및 유제품류,100,g,350,6.15,34.44,5.52,314
농축산물,파마산 치즈,우유 및 유제품류,100,g,420,28.42,27.84,13.91,"1,804"
농축산물,커피크리머,우유 및 유제품류,100,g,514,1.57,29.11,62.2,21
농축산물,생크림,우유 및 유제품류,100,g,368,2.03,37.81,4.98,25
농축산물,휘핑 크림,우유 및 유제품류,100,g,354,2.01,35.55,6.43,41
농축산물,고추기름,유지류,100,g,919,0.02,99.8,0,0
농축산물,닭기름,유지류,100,g,900,0,99.8,0,0
농축산물,돼지기름,유지류,100,g,915,0,99.38,0.58,17
농축산물,들기름,유지류,100,g,920,0,99.86,0,12
농축산물,땅콩 버터,유지류,100,g,658,25.8,51.91,18.9,370
농축산물,마가린,유지류,100,g,714,0.2,72.41,12.06,296
농축산물,면실유,유지류,100,g,883,0,100,0,0
농축산물,버터,유지류,100,g,761,0.59,82.04,1.81,10
농축산물,쇼트닝,유지류,100,g,917,0,99.52,0.48,15
농축산물,아몬드유,유지류,100,g,884,0,100,0,0
농축산물,연어기름,유지류,100,g,902,0,100,0,0
농축산물,옥수수기름,유지류,100,g,919,0,99.74,0.17,25
농축산물,올리브유,유지류,100,g,921,0,100,0,7
농축산물,참기름,유지류,100,g,917,0,99.59,0.14,16
농축산물,콩기름,유지류,100,g,915,0,99.31,0.66,0
농축산물,팜유,유지류,100,g,917,0,99.56,0.44,0
농축산물,포도씨유,유지류,100,g,920,0,99.93,0.01,1
농축산물,해바라기유,유지류,100,g,919,0,99.76,0.2,2
농축산물,결명자차,차류,100,g,391,19.8,4.9,67,5
농축산물,계피차,차류,100,g,357,0,1.4,89,5
농축산물,구기자차,차류,100,g,384,14.6,10.7,57.2,162
농축산물,구절초차,차류,100,g,345,11.1,1.3,72.1,46
농축산물,국화차,차류,100,g,358,14.5,2.3,69.9,54
농축산물,녹차 가루,차류,100,g,379,22.37,2.47,66.91,23
농축산물,녹차,차류,100,g,2,0.05,0,0.4,0
농축산물,녹차 현미,차류,100,g,1,0.02,0,0.15,1
농축산물,다래나무순차,차류,100,g,1,0.1,0,0.1,7
농축산물,대추차,차류,100,g,75,0.12,0.44,17.75,30
농축산물,도라지차,차류,100,g,22,0.3,,5.1,7
농축산물,두충차,차류,100,g,354,14.3,3.8,67.9,31
농축산물,둥굴레차,차류,100,g,1,0,0.01,0.27,0
농축산물,민들레차,차류,100,g,0,0.01,0,0.05,1
농축산물,보리차,차류,100,g,0,0,0,0.07,1
농축산물,보이차,차류,100,g,0,0.12,0,0,2
농축산물,사과차,차류,100,g,167,0.1,0,41.6,34
농축산물,상지차,차류,100,g,360,6,2.4,78.6,7
농축산물,생강차,차류,100,g,353,0.1,0.2,90.7,57
농축산물,생강청,차류,100,g,246,0.1,0.65,59.9,47
농축산물,쌍화차,차류,100,g,411,1.64,3.81,92.61,237
농축산물,쑥차,차류,100,g,338,26.3,0.8,56.4,153
농축산물,야콘차,차류,100,g,98,0.6,0,24,33
농축산물,오미자차,차류,100,g,371,16.3,7,60.8,11
농축산물,우롱차,차류,100,g,0,0,0,0.1,1
농축산물,유자청,차류,100,g,246,0.2,0.2,62.8,2
농축산물,유자차,차류,100,g,73,0.03,0.01,18.05,6
농축산물,율무차,차류,100,g,463,8.57,17.17,68.56,616
농축산물,인삼차,차류,100,g,397,0.89,0.78,96.52,9
농축산물,치커리차,차류,100,g,369,7.3,0.2,84.6,175
농축산물,카모마일차,차류,100,g,1,0,0,0.2,1
농축산물,아메리카노,차류,100,g,2,0.02,0.02,0.48,0
농축산물,에스프레소,차류,100,g,22,0.2,0.22,4.93,1
농축산물,원두,차류,100,g,4,0.2,0,0.7,1
농축산물,커피,차류,100,g,38,0.81,0.12,8.34,37
농축산물,커피가루,차류,100,g,348,19.81,0.49,66.06,42
농축산물,코코아,차류,100,g,268,22.85,20.06,43.63,24
농축산물,헛개 음료,차류,100,g,1,0,0,0.26,7
농축산물,홍삼차,차류,100,g,382,1.3,0.7,95.8,25
농축산물,홍삼 음료,차류,100,g,40,0.28,0.24,9.27,4
농축산물,홍차,차류,100,g,2,0.23,0.04,0.26,1
농축산물,레모네이드,음료류,100,g,38,0,0,9.56,1
농축산물,매실 음료,음료류,100,g,44,0.06,0.01,11.02,4
농축산물,셰이크,음료류,100,g,113,3.4,2.8,18.9,83
농축산물,식혜,음료류,100,g,32,0.06,0,7.91,2
농축산물,쌀 음료,음료류,100,g,54,0.2,0.8,11.4,6
농축산물,이온 음료,음료류,100,g,37,0,0,9.16,44
농축산물,젖산 음료,음료류,100,g,36,0.21,0.01,8.85,39
농축산물,채소 주스,음료류,100,g,39,0.86,0.05,8.66,54
농축산물,녹즙,음료류,100,g,28,0.99,0.11,5.67,27
농축산물,사이다,음료류,100,g,40,0,0,9.98,1
농축산물,콜라,음료류,100,g,38,0,0,9.46,2
농축산물,토닉워터,음료류,100,g,34,0,0,8.8,12
농축산물,고량주,주류,100,g,355,0,0,0,1
농축산물,돌복숭아주,주류,100,g,35,0.1,0.6,7.2,69
농축산물,드라이진,주류,100,g,280,0,0,0.1,0
농축산물,럼,주류,100,g,237,0,0,0.1,3
농축산물,막걸리,주류,100,g,54,0.98,0.15,1.56,3
농축산물,매실주,주류,100,g,155,0.1,0,20.7,4
농축산물,맥주,주류,100,g,46,0.21,0.01,3.27,2
농축산물,흑맥주,주류,100,g,45,0.4,0,3.6,3
농축산물,보드카,주류,100,g,237,0,0,0,0
농축산물,복분자주,주류,100,g,137,0.12,0,7.49,5
농축산물,브랜디,주류,100,g,234,0,0,0,4
농축산물,샴페인,주류,100,g,45,0,0,0.5,
농축산물,소주,주류,100,g,127,0,0,0.08,4
농축산물,오가피주,주류,100,g,107,1.7,,1.9,14
농축산물,위스키,주류,100,g,284,0.03,0,0.07,1
농축산물,청주,주류,100,g,132,0.41,0,4.24,3
농축산물,칵테일,주류,100,g,125,0,0,15.7,40
농축산물,포도주,주류,100,g,82,0.07,0,5.23,
농축산물,샤르도네,주류,100,g,84,0.07,0,2.16,5
농축산물,쇼비뇽블랑,주류,100,g,81,0.07,0,2.05,
농축산물,백포도주,주류,100,g,96,0.2,0,2.4,5
농축산물,적포도주,주류,100,g,105,0.2,0,4.8,6
농축산물,간장,조미료류,100,g,103,9.15,0,16.54,"4,783"
농축산물,겨자,조미료류,100,g,296,8.01,12.7,37.36,"1,423"
농축산물,겨자 가루,조미료류,100,g,413,18.35,22.68,49.97,1
농축산물,계피 가루,조미료류,100,g,343,3.55,0.51,81.07,67
농축산물,고기 소스,조미료류,100,g,96,3.8,5,10.1,610
농축산물,고추냉이 가루,조미료류,100,g,299,29.94,3.45,55.1,21
농축산물,고추냉이,조미료류,100,g,148,3.03,1.58,35.81,801
농축산물,고추장,조미료류,100,g,205,3.66,1.38,51.76,"2,486"
농축산물,고춧가루,조미료류,100,g,319,13.29,8.4,60.62,13
농축산물,골든세이지,조미료류,100,g,385,1.6,9.3,73.6,60
농축산물,굴 소스,조미료류,100,g,219,2.49,0.05,52.08,"4,608"
농축산물,깨소금,조미료류,100,g,638,18.1,56.7,13.7,
농축산물,낫토,조미료류,100,g,190,16.5,10,12.1,2
농축산물,데리야끼 소스,조미료류,100,g,89,5.93,0.02,15.56,"3,833"
농축산물,된장,조미료류,100,g,193,13.73,7.25,18.94,"4,339"
농축산물,된장 찌개용,조미료류,100,g,173,12.5,5.59,18.5,"4,206"
농축산물,라면 스프,조미료류,100,g,246,17.4,3.1,37.2,"13,212"
농축산물,레몬그라스,조미료류,100,g,99,1.82,0.49,25.31,6
농축산물,로즈마리,조미료류,100,g,331,4.88,15.22,64.06,50
농축산물,마늘 페이스트,조미료류,100,g,170,4.7,0.5,37,"1,800"
농축산물,마늘 가루,조미료류,100,g,349,18.62,0.98,66.44,28
농축산물,마요네즈,조미료류,100,g,682,0.95,72.56,6.39,482
농축산물,맛술,조미료류,100,g,146,0.3,0.3,35.5,32
농축산물,미소,조미료류,100,g,187,11.71,6.03,21.84,"4,616"
농축산물,민트,조미료류,100,g,294,17.5,6.1,56.2,28
농축산물,바비큐 소스,조미료류,100,g,143,1.38,0.54,33.08,"1,568"
농축산물,뽕잎,조미료류,100,g,275,24.2,2.7,54.2,60
농축산물,사프란,조미료류,100,g,310,11.43,5.85,65.37,148
농축산물,산초 가루,조미료류,100,g,302,9.66,4.01,68.57,7
농축산물,생강 페이스트,조미료류,100,g,41,0.7,0.6,8.6,580
농축산물,생강 가루,조미료류,100,g,367,12.55,3.29,71.74,32
농축산물,소금,조미료류,100,g,0,0,0,0,"33,597"
농축산물,죽염,조미료류,100,g,0,0.01,0.01,0,"38,330"
농축산물,굵은소금,조미료류,100,g,0,0,0,0,"32,220"
농축산물,천일염,조미료류,100,g,20,0.03,0,4.95,"33,811"
농축산물,꽃소금,조미료류,100,g,21,0,0,5.3,"40,626"
농축산물,소불고기 양념,조미료류,100,g,181,2.17,0.01,42.98,"1,964"
농축산물,"스파게티 소스, 토마토, 병조림",조미료류,100,g,81,1.52,2.4,13.43,585
농축산물,식초,조미료류,100,g,10,1.62,0,0.9,2
농축산물,발사믹 식초,조미료류,100,g,88,0.49,0,17.03,23
농축산물,배식초,조미료류,100,g,43,0.2,0,10.5,20
농축산물,사과식초,조미료류,100,g,11,0,0,2.7,2
농축산물,양조식초,조미료류,100,g,1,0.02,0,0.34,1
농축산물,포도식초,조미료류,100,g,22,0.1,0,1.2,4
농축산물,현미식초,조미료류,100,g,17,0.1,0.01,4.18,2
농축산물,쌈장,조미료류,100,g,240,9.88,4.81,39.18,"2,619"
농축산물,양파 가루,조미료류,100,g,363,8.8,1.1,79.8,52
농축산물,오레가노,조미료류,100,g,265,9,4.28,68.92,25
농축산물,올스파이스,조미료류,100,g,364,5.6,5.6,75.2,53
농축산물,우스터 소스,조미료류,100,g,77,0,0,19.17,"1,300"
농축산물,월계수 잎,조미료류,100,g,313,7.61,8.36,74.97,23
농축산물,육두구,조미료류,100,g,520,5.7,38.5,47.5,15
농축산물,정향,조미료류,100,g,398,7.2,13.6,66.4,280
농축산물,멸치 다시다,조미료류,100,g,211,14.12,2.81,32.37,"14,404"
농축산물,쇠고기 다시다,조미료류,100,g,257,5.86,4.09,49.11,"15,836"
농축산물,다시다,조미료류,100,g,77,6.19,0,13.02,"6,166"
농축산물,짜장 가루,조미료류,100,g,351,10.51,4.33,67.42,"5,251"
농축산물,짜장 소스,조미료류,100,g,93,2.42,3.22,13.5,539
농축산물,춘장,조미료류,100,g,206,11.8,4.16,30.46,"3,399"
농축산물,청국장,조미료류,100,g,108,10.2,0.8,14.9,961
농축산물,청국장 찌개용,조미료류,100,g,136,10.93,5.88,10.42,"3,083"
농축산물,초고추장,조미료류,100,g,211,3.79,1.17,53.78,"1,962"
농축산물,칠리 소스,조미료류,100,g,112,1.8,0.1,26.3,"1,200"
농축산물,칠리 가루,조미료류,100,g,374,15,8.2,60.1,"2,500"
농축산물,카레 가루,조미료류,100,g,425,8.38,18.69,55.76,"4,059"
농축산물,카레 소스,조미료류,100,g,72,2.47,1.89,11.39,482
농축산물,코리아타임,조미료류,100,g,378,1.4,6.2,79.2,76
농축산물,타라곤,조미료류,100,g,295,22.77,7.24,50.22,62
농축산물,타임,조미료류,100,g,342,6.5,5.2,69.8,13
농축산물,템페,조미료류,100,g,192,20.29,10.8,7.64,9
농축산물,토마토 소스,조미료류,100,g,41,2,0.2,8.5,240
농축산물,토마토 케첩,조미료류,100,g,135,1.78,0.08,31.73,"1,063"
농축산물,파슬리,조미료류,100,g,292,26.63,5.48,50.64,452
농축산물,파프리카 가루,조미료류,100,g,385,15.5,11.6,55.6,60
농축산물,페퍼민트,조미료류,100,g,70,3.75,0.94,14.89,31
농축산물,포크커틀릿 소스,조미료류,100,g,133,0.6,0.02,32.54,"1,713"
농축산물,핫 소스,조미료류,100,g,47,1.44,0.63,8.8,989
농축산물,후추,조미료류,100,g,362,12.87,5,66.33,6
농축산물,홍삼,기타,100,g,309,13.02,1.24,68.25,45
농축산물,홍삼 추출액,기타,100,g,15,0.33,0.01,3.32,2
농축산물,장수풍뎅이 유충,기타,100,g,502,44.62,27.21,19.55,40
농축산물,치자꽃,기타,100,g,66,1.3,0.1,14.9,8
농축산물,베이킹파우더,기타,100,g,51,0.1,0,24.1,"7,893"
농축산물,효모,기타,100,g,307,37.1,6.8,43.1,120
농축산물,프로폴리스,기타,100,g,642,0.5,50.3,46.9,19
농축산물,흰점박이 꽃무지,기타,100,g,122,15.78,5.2,2.9,42
